==11239== NVPROF is profiling process 11239, command: python TorchDCNNHalf.py celeba 3 1
==11239== Some kernel(s) will be replayed on device 0 in order to collect all events/metrics.
==11239== Profiling application: python TorchDCNNHalf.py celeba 3 1
==11239== Profiling result:
==11239== Metric result:
"Device","Kernel","Invocations","Metric Name","Metric Description","Min","Max","Avg"
"NVIDIA Tegra X1 (0)","void add_tensor_kernel_v3<int=2, __half, float, int=128, int=1, int=1, int=4, int=2>(cudnnTensorStruct, __half*, cudnnTensorStruct, __half const *, float, float, int, int, int)",1,"achieved_occupancy","Achieved Occupancy",0.854380,0.854380,0.854380
"NVIDIA Tegra X1 (0)","void add_tensor_kernel_v3<int=2, __half, float, int=128, int=1, int=1, int=4, int=2>(cudnnTensorStruct, __half*, cudnnTensorStruct, __half const *, float, float, int, int, int)",1,"ipc","Executed IPC",3.348747,3.348747,3.348747
"NVIDIA Tegra X1 (0)","void add_tensor_kernel_v3<int=2, __half, float, int=128, int=1, int=1, int=4, int=2>(cudnnTensorStruct, __half*, cudnnTensorStruct, __half const *, float, float, int, int, int)",1,"l2_read_throughput","L2 Throughput (Reads)",658.738655MB/s,658.738655MB/s,658.738633MB/s
"NVIDIA Tegra X1 (0)","void add_tensor_kernel_v3<int=2, __half, float, int=128, int=1, int=1, int=4, int=2>(cudnnTensorStruct, __half*, cudnnTensorStruct, __half const *, float, float, int, int, int)",1,"l2_write_throughput","L2 Throughput (Writes)",369.399288MB/s,369.399288MB/s,369.399266MB/s
"NVIDIA Tegra X1 (0)","void add_tensor_kernel_v3<int=2, __half, float, int=128, int=1, int=1, int=4, int=2>(cudnnTensorStruct, __half*, cudnnTensorStruct, __half const *, float, float, int, int, int)",1,"sm_efficiency","Multiprocessor Activity",88.549673%,88.549673%,88.549673%
"NVIDIA Tegra X1 (0)","void add_tensor_kernel_v3<int=2, __half, float, int=128, int=1, int=1, int=4, int=2>(cudnnTensorStruct, __half*, cudnnTensorStruct, __half const *, float, float, int, int, int)",1,"flop_count_dp","Floating Point Operations(Double Precision)",0,0,0
"NVIDIA Tegra X1 (0)","void add_tensor_kernel_v3<int=2, __half, float, int=128, int=1, int=1, int=4, int=2>(cudnnTensorStruct, __half*, cudnnTensorStruct, __half const *, float, float, int, int, int)",1,"flop_count_dp_add","Floating Point Operations(Double Precision Add)",0,0,0
"NVIDIA Tegra X1 (0)","void add_tensor_kernel_v3<int=2, __half, float, int=128, int=1, int=1, int=4, int=2>(cudnnTensorStruct, __half*, cudnnTensorStruct, __half const *, float, float, int, int, int)",1,"flop_count_dp_fma","Floating Point Operations(Double Precision FMA)",0,0,0
"NVIDIA Tegra X1 (0)","void add_tensor_kernel_v3<int=2, __half, float, int=128, int=1, int=1, int=4, int=2>(cudnnTensorStruct, __half*, cudnnTensorStruct, __half const *, float, float, int, int, int)",1,"flop_count_dp_mul","Floating Point Operations(Double Precision Mul)",0,0,0
"NVIDIA Tegra X1 (0)","void add_tensor_kernel_v3<int=2, __half, float, int=128, int=1, int=1, int=4, int=2>(cudnnTensorStruct, __half*, cudnnTensorStruct, __half const *, float, float, int, int, int)",1,"flop_count_hp","Floating Point Operations(Half Precision)",0,0,0
"NVIDIA Tegra X1 (0)","void add_tensor_kernel_v3<int=2, __half, float, int=128, int=1, int=1, int=4, int=2>(cudnnTensorStruct, __half*, cudnnTensorStruct, __half const *, float, float, int, int, int)",1,"flop_count_hp_add","Floating Point Operations(Half Precision Add)",0,0,0
"NVIDIA Tegra X1 (0)","void add_tensor_kernel_v3<int=2, __half, float, int=128, int=1, int=1, int=4, int=2>(cudnnTensorStruct, __half*, cudnnTensorStruct, __half const *, float, float, int, int, int)",1,"flop_count_hp_fma","Floating Point Operations(Half Precision FMA)",0,0,0
"NVIDIA Tegra X1 (0)","void add_tensor_kernel_v3<int=2, __half, float, int=128, int=1, int=1, int=4, int=2>(cudnnTensorStruct, __half*, cudnnTensorStruct, __half const *, float, float, int, int, int)",1,"flop_count_hp_mul","Floating Point Operation(Half Precision Mul)",0,0,0
"NVIDIA Tegra X1 (0)","void add_tensor_kernel_v3<int=2, __half, float, int=128, int=1, int=1, int=4, int=2>(cudnnTensorStruct, __half*, cudnnTensorStruct, __half const *, float, float, int, int, int)",1,"flop_count_sp","Floating Point Operations(Single Precision)",15552,15552,15552
"NVIDIA Tegra X1 (0)","void add_tensor_kernel_v3<int=2, __half, float, int=128, int=1, int=1, int=4, int=2>(cudnnTensorStruct, __half*, cudnnTensorStruct, __half const *, float, float, int, int, int)",1,"flop_count_sp_add","Floating Point Operations(Single Precision Add)",0,0,0
"NVIDIA Tegra X1 (0)","void add_tensor_kernel_v3<int=2, __half, float, int=128, int=1, int=1, int=4, int=2>(cudnnTensorStruct, __half*, cudnnTensorStruct, __half const *, float, float, int, int, int)",1,"flop_count_sp_fma","Floating Point Operations(Single Precision FMA)",5184,5184,5184
"NVIDIA Tegra X1 (0)","void add_tensor_kernel_v3<int=2, __half, float, int=128, int=1, int=1, int=4, int=2>(cudnnTensorStruct, __half*, cudnnTensorStruct, __half const *, float, float, int, int, int)",1,"flop_count_sp_mul","Floating Point Operation(Single Precision Mul)",5184,5184,5184
"NVIDIA Tegra X1 (0)","void add_tensor_kernel_v3<int=2, __half, float, int=128, int=1, int=1, int=4, int=2>(cudnnTensorStruct, __half*, cudnnTensorStruct, __half const *, float, float, int, int, int)",1,"flop_count_sp_special","Floating Point Operations(Single Precision Special)",24576,24576,24576
"NVIDIA Tegra X1 (0)","void add_tensor_kernel_v3<int=2, __half, float, int=128, int=1, int=1, int=4, int=2>(cudnnTensorStruct, __half*, cudnnTensorStruct, __half const *, float, float, int, int, int)",1,"flop_dp_efficiency","FLOP Efficiency(Peak Double)",0.000000%,0.000000%,0.000000%
"NVIDIA Tegra X1 (0)","void add_tensor_kernel_v3<int=2, __half, float, int=128, int=1, int=1, int=4, int=2>(cudnnTensorStruct, __half*, cudnnTensorStruct, __half const *, float, float, int, int, int)",1,"flop_hp_efficiency","FLOP Efficiency(Peak Half)",0.000000%,0.000000%,0.000000%
"NVIDIA Tegra X1 (0)","void add_tensor_kernel_v3<int=2, __half, float, int=128, int=1, int=1, int=4, int=2>(cudnnTensorStruct, __half*, cudnnTensorStruct, __half const *, float, float, int, int, int)",1,"flop_sp_efficiency","FLOP Efficiency(Peak Single)",0.436391%,0.436391%,0.436391%
"NVIDIA Tegra X1 (0)","void cudnn::detail::dgrad_engine<__half, int=512, int=6, int=5, int=3, int=3, int=3, bool=1>(int, int, int, __half const *, int, __half const , int, cudnn::detail::dgrad_engine<__half, int=512, int=6, int=5, int=3, int=3, int=3, bool=1>*, kernel_grad_params, int, int, float, int, int, int)",1,"achieved_occupancy","Achieved Occupancy",0.278553,0.278553,0.278553
"NVIDIA Tegra X1 (0)","void cudnn::detail::dgrad_engine<__half, int=512, int=6, int=5, int=3, int=3, int=3, bool=1>(int, int, int, __half const *, int, __half const , int, cudnn::detail::dgrad_engine<__half, int=512, int=6, int=5, int=3, int=3, int=3, bool=1>*, kernel_grad_params, int, int, float, int, int, int)",1,"ipc","Executed IPC",1.897042,1.897042,1.897042
"NVIDIA Tegra X1 (0)","void cudnn::detail::dgrad_engine<__half, int=512, int=6, int=5, int=3, int=3, int=3, bool=1>(int, int, int, __half const *, int, __half const , int, cudnn::detail::dgrad_engine<__half, int=512, int=6, int=5, int=3, int=3, int=3, bool=1>*, kernel_grad_params, int, int, float, int, int, int)",1,"l2_read_throughput","L2 Throughput (Reads)",2.608336GB/s,2.608336GB/s,2.608336GB/s
"NVIDIA Tegra X1 (0)","void cudnn::detail::dgrad_engine<__half, int=512, int=6, int=5, int=3, int=3, int=3, bool=1>(int, int, int, __half const *, int, __half const , int, cudnn::detail::dgrad_engine<__half, int=512, int=6, int=5, int=3, int=3, int=3, bool=1>*, kernel_grad_params, int, int, float, int, int, int)",1,"l2_write_throughput","L2 Throughput (Writes)",1.566212GB/s,1.566212GB/s,1.566212GB/s
"NVIDIA Tegra X1 (0)","void cudnn::detail::dgrad_engine<__half, int=512, int=6, int=5, int=3, int=3, int=3, bool=1>(int, int, int, __half const *, int, __half const , int, cudnn::detail::dgrad_engine<__half, int=512, int=6, int=5, int=3, int=3, int=3, bool=1>*, kernel_grad_params, int, int, float, int, int, int)",1,"sm_efficiency","Multiprocessor Activity",99.357136%,99.357136%,99.357136%
"NVIDIA Tegra X1 (0)","void cudnn::detail::dgrad_engine<__half, int=512, int=6, int=5, int=3, int=3, int=3, bool=1>(int, int, int, __half const *, int, __half const , int, cudnn::detail::dgrad_engine<__half, int=512, int=6, int=5, int=3, int=3, int=3, bool=1>*, kernel_grad_params, int, int, float, int, int, int)",1,"flop_count_dp","Floating Point Operations(Double Precision)",0,0,0
"NVIDIA Tegra X1 (0)","void cudnn::detail::dgrad_engine<__half, int=512, int=6, int=5, int=3, int=3, int=3, bool=1>(int, int, int, __half const *, int, __half const , int, cudnn::detail::dgrad_engine<__half, int=512, int=6, int=5, int=3, int=3, int=3, bool=1>*, kernel_grad_params, int, int, float, int, int, int)",1,"flop_count_dp_add","Floating Point Operations(Double Precision Add)",0,0,0
"NVIDIA Tegra X1 (0)","void cudnn::detail::dgrad_engine<__half, int=512, int=6, int=5, int=3, int=3, int=3, bool=1>(int, int, int, __half const *, int, __half const , int, cudnn::detail::dgrad_engine<__half, int=512, int=6, int=5, int=3, int=3, int=3, bool=1>*, kernel_grad_params, int, int, float, int, int, int)",1,"flop_count_dp_fma","Floating Point Operations(Double Precision FMA)",0,0,0
"NVIDIA Tegra X1 (0)","void cudnn::detail::dgrad_engine<__half, int=512, int=6, int=5, int=3, int=3, int=3, bool=1>(int, int, int, __half const *, int, __half const , int, cudnn::detail::dgrad_engine<__half, int=512, int=6, int=5, int=3, int=3, int=3, bool=1>*, kernel_grad_params, int, int, float, int, int, int)",1,"flop_count_dp_mul","Floating Point Operations(Double Precision Mul)",0,0,0
"NVIDIA Tegra X1 (0)","void cudnn::detail::dgrad_engine<__half, int=512, int=6, int=5, int=3, int=3, int=3, bool=1>(int, int, int, __half const *, int, __half const , int, cudnn::detail::dgrad_engine<__half, int=512, int=6, int=5, int=3, int=3, int=3, bool=1>*, kernel_grad_params, int, int, float, int, int, int)",1,"flop_count_hp","Floating Point Operations(Half Precision)",0,0,0
"NVIDIA Tegra X1 (0)","void cudnn::detail::dgrad_engine<__half, int=512, int=6, int=5, int=3, int=3, int=3, bool=1>(int, int, int, __half const *, int, __half const , int, cudnn::detail::dgrad_engine<__half, int=512, int=6, int=5, int=3, int=3, int=3, bool=1>*, kernel_grad_params, int, int, float, int, int, int)",1,"flop_count_hp_add","Floating Point Operations(Half Precision Add)",0,0,0
"NVIDIA Tegra X1 (0)","void cudnn::detail::dgrad_engine<__half, int=512, int=6, int=5, int=3, int=3, int=3, bool=1>(int, int, int, __half const *, int, __half const , int, cudnn::detail::dgrad_engine<__half, int=512, int=6, int=5, int=3, int=3, int=3, bool=1>*, kernel_grad_params, int, int, float, int, int, int)",1,"flop_count_hp_fma","Floating Point Operations(Half Precision FMA)",0,0,0
"NVIDIA Tegra X1 (0)","void cudnn::detail::dgrad_engine<__half, int=512, int=6, int=5, int=3, int=3, int=3, bool=1>(int, int, int, __half const *, int, __half const , int, cudnn::detail::dgrad_engine<__half, int=512, int=6, int=5, int=3, int=3, int=3, bool=1>*, kernel_grad_params, int, int, float, int, int, int)",1,"flop_count_hp_mul","Floating Point Operation(Half Precision Mul)",0,0,0
"NVIDIA Tegra X1 (0)","void cudnn::detail::dgrad_engine<__half, int=512, int=6, int=5, int=3, int=3, int=3, bool=1>(int, int, int, __half const *, int, __half const , int, cudnn::detail::dgrad_engine<__half, int=512, int=6, int=5, int=3, int=3, int=3, bool=1>*, kernel_grad_params, int, int, float, int, int, int)",1,"flop_count_sp","Floating Point Operations(Single Precision)",13232862,13232862,13232862
"NVIDIA Tegra X1 (0)","void cudnn::detail::dgrad_engine<__half, int=512, int=6, int=5, int=3, int=3, int=3, bool=1>(int, int, int, __half const *, int, __half const , int, cudnn::detail::dgrad_engine<__half, int=512, int=6, int=5, int=3, int=3, int=3, bool=1>*, kernel_grad_params, int, int, float, int, int, int)",1,"flop_count_sp_add","Floating Point Operations(Single Precision Add)",0,0,0
"NVIDIA Tegra X1 (0)","void cudnn::detail::dgrad_engine<__half, int=512, int=6, int=5, int=3, int=3, int=3, bool=1>(int, int, int, __half const *, int, __half const , int, cudnn::detail::dgrad_engine<__half, int=512, int=6, int=5, int=3, int=3, int=3, bool=1>*, kernel_grad_params, int, int, float, int, int, int)",1,"flop_count_sp_fma","Floating Point Operations(Single Precision FMA)",6616431,6616431,6616431
"NVIDIA Tegra X1 (0)","void cudnn::detail::dgrad_engine<__half, int=512, int=6, int=5, int=3, int=3, int=3, bool=1>(int, int, int, __half const *, int, __half const , int, cudnn::detail::dgrad_engine<__half, int=512, int=6, int=5, int=3, int=3, int=3, bool=1>*, kernel_grad_params, int, int, float, int, int, int)",1,"flop_count_sp_mul","Floating Point Operation(Single Precision Mul)",0,0,0
"NVIDIA Tegra X1 (0)","void cudnn::detail::dgrad_engine<__half, int=512, int=6, int=5, int=3, int=3, int=3, bool=1>(int, int, int, __half const *, int, __half const , int, cudnn::detail::dgrad_engine<__half, int=512, int=6, int=5, int=3, int=3, int=3, bool=1>*, kernel_grad_params, int, int, float, int, int, int)",1,"flop_count_sp_special","Floating Point Operations(Single Precision Special)",0,0,0
"NVIDIA Tegra X1 (0)","void cudnn::detail::dgrad_engine<__half, int=512, int=6, int=5, int=3, int=3, int=3, bool=1>(int, int, int, __half const *, int, __half const , int, cudnn::detail::dgrad_engine<__half, int=512, int=6, int=5, int=3, int=3, int=3, bool=1>*, kernel_grad_params, int, int, float, int, int, int)",1,"flop_dp_efficiency","FLOP Efficiency(Peak Double)",0.000000%,0.000000%,0.000000%
"NVIDIA Tegra X1 (0)","void cudnn::detail::dgrad_engine<__half, int=512, int=6, int=5, int=3, int=3, int=3, bool=1>(int, int, int, __half const *, int, __half const , int, cudnn::detail::dgrad_engine<__half, int=512, int=6, int=5, int=3, int=3, int=3, bool=1>*, kernel_grad_params, int, int, float, int, int, int)",1,"flop_hp_efficiency","FLOP Efficiency(Peak Half)",0.000000%,0.000000%,0.000000%
"NVIDIA Tegra X1 (0)","void cudnn::detail::dgrad_engine<__half, int=512, int=6, int=5, int=3, int=3, int=3, bool=1>(int, int, int, __half const *, int, __half const , int, cudnn::detail::dgrad_engine<__half, int=512, int=6, int=5, int=3, int=3, int=3, bool=1>*, kernel_grad_params, int, int, float, int, int, int)",1,"flop_sp_efficiency","FLOP Efficiency(Peak Single)",20.912660%,20.912660%,20.912660%
"NVIDIA Tegra X1 (0)","_ZN83_GLOBAL__N__59_tmpxft_00000286_00000000_8_Distributions_compute_72_cpp1_ii_c3aa7ee643distribution_elementwise_grid_stride_kernelIfLi4EZZZN2at6native18normal_kernel_cudaERNS1_14TensorIteratorEddPNS1_9GeneratorEENKUlvE_clEvENKUlvE1_clEvEUlP24curandStatePhilox4_32_10E0_ZNS_27distribution_nullary_kernelIN3c104HalfEfLi4ESB_ZZZNS2_18normal_kernel_cudaES4_ddS6_ENKS7_clEvENKS8_clEvEUlfE_EEvS4_PNS1_13CUDAGeneratorERKT2_T3_EUlifE_EEviSt4pairImmET1_SI_",1,"achieved_occupancy","Achieved Occupancy",0.446604,0.446604,0.446604
"NVIDIA Tegra X1 (0)","_ZN83_GLOBAL__N__59_tmpxft_00000286_00000000_8_Distributions_compute_72_cpp1_ii_c3aa7ee643distribution_elementwise_grid_stride_kernelIfLi4EZZZN2at6native18normal_kernel_cudaERNS1_14TensorIteratorEddPNS1_9GeneratorEENKUlvE_clEvENKUlvE1_clEvEUlP24curandStatePhilox4_32_10E0_ZNS_27distribution_nullary_kernelIN3c104HalfEfLi4ESB_ZZZNS2_18normal_kernel_cudaES4_ddS6_ENKS7_clEvENKS8_clEvEUlfE_EEvS4_PNS1_13CUDAGeneratorERKT2_T3_EUlifE_EEviSt4pairImmET1_SI_",1,"ipc","Executed IPC",3.792525,3.792525,3.792525
"NVIDIA Tegra X1 (0)","_ZN83_GLOBAL__N__59_tmpxft_00000286_00000000_8_Distributions_compute_72_cpp1_ii_c3aa7ee643distribution_elementwise_grid_stride_kernelIfLi4EZZZN2at6native18normal_kernel_cudaERNS1_14TensorIteratorEddPNS1_9GeneratorEENKUlvE_clEvENKUlvE1_clEvEUlP24curandStatePhilox4_32_10E0_ZNS_27distribution_nullary_kernelIN3c104HalfEfLi4ESB_ZZZNS2_18normal_kernel_cudaES4_ddS6_ENKS7_clEvENKS8_clEvEUlfE_EEvS4_PNS1_13CUDAGeneratorERKT2_T3_EUlifE_EEviSt4pairImmET1_SI_",1,"l2_read_throughput","L2 Throughput (Reads)",52.228994MB/s,52.228994MB/s,52.228992MB/s
"NVIDIA Tegra X1 (0)","_ZN83_GLOBAL__N__59_tmpxft_00000286_00000000_8_Distributions_compute_72_cpp1_ii_c3aa7ee643distribution_elementwise_grid_stride_kernelIfLi4EZZZN2at6native18normal_kernel_cudaERNS1_14TensorIteratorEddPNS1_9GeneratorEENKUlvE_clEvENKUlvE1_clEvEUlP24curandStatePhilox4_32_10E0_ZNS_27distribution_nullary_kernelIN3c104HalfEfLi4ESB_ZZZNS2_18normal_kernel_cudaES4_ddS6_ENKS7_clEvENKS8_clEvEUlfE_EEvS4_PNS1_13CUDAGeneratorERKT2_T3_EUlifE_EEviSt4pairImmET1_SI_",1,"l2_write_throughput","L2 Throughput (Writes)",595.800861MB/s,595.800861MB/s,595.800860MB/s
"NVIDIA Tegra X1 (0)","_ZN83_GLOBAL__N__59_tmpxft_00000286_00000000_8_Distributions_compute_72_cpp1_ii_c3aa7ee643distribution_elementwise_grid_stride_kernelIfLi4EZZZN2at6native18normal_kernel_cudaERNS1_14TensorIteratorEddPNS1_9GeneratorEENKUlvE_clEvENKUlvE1_clEvEUlP24curandStatePhilox4_32_10E0_ZNS_27distribution_nullary_kernelIN3c104HalfEfLi4ESB_ZZZNS2_18normal_kernel_cudaES4_ddS6_ENKS7_clEvENKS8_clEvEUlfE_EEvS4_PNS1_13CUDAGeneratorERKT2_T3_EUlifE_EEviSt4pairImmET1_SI_",1,"sm_efficiency","Multiprocessor Activity",98.943319%,98.943319%,98.943319%
"NVIDIA Tegra X1 (0)","_ZN83_GLOBAL__N__59_tmpxft_00000286_00000000_8_Distributions_compute_72_cpp1_ii_c3aa7ee643distribution_elementwise_grid_stride_kernelIfLi4EZZZN2at6native18normal_kernel_cudaERNS1_14TensorIteratorEddPNS1_9GeneratorEENKUlvE_clEvENKUlvE1_clEvEUlP24curandStatePhilox4_32_10E0_ZNS_27distribution_nullary_kernelIN3c104HalfEfLi4ESB_ZZZNS2_18normal_kernel_cudaES4_ddS6_ENKS7_clEvENKS8_clEvEUlfE_EEvS4_PNS1_13CUDAGeneratorERKT2_T3_EUlifE_EEviSt4pairImmET1_SI_",1,"flop_count_dp","Floating Point Operations(Double Precision)",0,0,0
"NVIDIA Tegra X1 (0)","_ZN83_GLOBAL__N__59_tmpxft_00000286_00000000_8_Distributions_compute_72_cpp1_ii_c3aa7ee643distribution_elementwise_grid_stride_kernelIfLi4EZZZN2at6native18normal_kernel_cudaERNS1_14TensorIteratorEddPNS1_9GeneratorEENKUlvE_clEvENKUlvE1_clEvEUlP24curandStatePhilox4_32_10E0_ZNS_27distribution_nullary_kernelIN3c104HalfEfLi4ESB_ZZZNS2_18normal_kernel_cudaES4_ddS6_ENKS7_clEvENKS8_clEvEUlfE_EEvS4_PNS1_13CUDAGeneratorERKT2_T3_EUlifE_EEviSt4pairImmET1_SI_",1,"flop_count_dp_add","Floating Point Operations(Double Precision Add)",0,0,0
"NVIDIA Tegra X1 (0)","_ZN83_GLOBAL__N__59_tmpxft_00000286_00000000_8_Distributions_compute_72_cpp1_ii_c3aa7ee643distribution_elementwise_grid_stride_kernelIfLi4EZZZN2at6native18normal_kernel_cudaERNS1_14TensorIteratorEddPNS1_9GeneratorEENKUlvE_clEvENKUlvE1_clEvEUlP24curandStatePhilox4_32_10E0_ZNS_27distribution_nullary_kernelIN3c104HalfEfLi4ESB_ZZZNS2_18normal_kernel_cudaES4_ddS6_ENKS7_clEvENKS8_clEvEUlfE_EEvS4_PNS1_13CUDAGeneratorERKT2_T3_EUlifE_EEviSt4pairImmET1_SI_",1,"flop_count_dp_fma","Floating Point Operations(Double Precision FMA)",0,0,0
"NVIDIA Tegra X1 (0)","_ZN83_GLOBAL__N__59_tmpxft_00000286_00000000_8_Distributions_compute_72_cpp1_ii_c3aa7ee643distribution_elementwise_grid_stride_kernelIfLi4EZZZN2at6native18normal_kernel_cudaERNS1_14TensorIteratorEddPNS1_9GeneratorEENKUlvE_clEvENKUlvE1_clEvEUlP24curandStatePhilox4_32_10E0_ZNS_27distribution_nullary_kernelIN3c104HalfEfLi4ESB_ZZZNS2_18normal_kernel_cudaES4_ddS6_ENKS7_clEvENKS8_clEvEUlfE_EEvS4_PNS1_13CUDAGeneratorERKT2_T3_EUlifE_EEviSt4pairImmET1_SI_",1,"flop_count_dp_mul","Floating Point Operations(Double Precision Mul)",0,0,0
"NVIDIA Tegra X1 (0)","_ZN83_GLOBAL__N__59_tmpxft_00000286_00000000_8_Distributions_compute_72_cpp1_ii_c3aa7ee643distribution_elementwise_grid_stride_kernelIfLi4EZZZN2at6native18normal_kernel_cudaERNS1_14TensorIteratorEddPNS1_9GeneratorEENKUlvE_clEvENKUlvE1_clEvEUlP24curandStatePhilox4_32_10E0_ZNS_27distribution_nullary_kernelIN3c104HalfEfLi4ESB_ZZZNS2_18normal_kernel_cudaES4_ddS6_ENKS7_clEvENKS8_clEvEUlfE_EEvS4_PNS1_13CUDAGeneratorERKT2_T3_EUlifE_EEviSt4pairImmET1_SI_",1,"flop_count_hp","Floating Point Operations(Half Precision)",0,0,0
"NVIDIA Tegra X1 (0)","_ZN83_GLOBAL__N__59_tmpxft_00000286_00000000_8_Distributions_compute_72_cpp1_ii_c3aa7ee643distribution_elementwise_grid_stride_kernelIfLi4EZZZN2at6native18normal_kernel_cudaERNS1_14TensorIteratorEddPNS1_9GeneratorEENKUlvE_clEvENKUlvE1_clEvEUlP24curandStatePhilox4_32_10E0_ZNS_27distribution_nullary_kernelIN3c104HalfEfLi4ESB_ZZZNS2_18normal_kernel_cudaES4_ddS6_ENKS7_clEvENKS8_clEvEUlfE_EEvS4_PNS1_13CUDAGeneratorERKT2_T3_EUlifE_EEviSt4pairImmET1_SI_",1,"flop_count_hp_add","Floating Point Operations(Half Precision Add)",0,0,0
"NVIDIA Tegra X1 (0)","_ZN83_GLOBAL__N__59_tmpxft_00000286_00000000_8_Distributions_compute_72_cpp1_ii_c3aa7ee643distribution_elementwise_grid_stride_kernelIfLi4EZZZN2at6native18normal_kernel_cudaERNS1_14TensorIteratorEddPNS1_9GeneratorEENKUlvE_clEvENKUlvE1_clEvEUlP24curandStatePhilox4_32_10E0_ZNS_27distribution_nullary_kernelIN3c104HalfEfLi4ESB_ZZZNS2_18normal_kernel_cudaES4_ddS6_ENKS7_clEvENKS8_clEvEUlfE_EEvS4_PNS1_13CUDAGeneratorERKT2_T3_EUlifE_EEviSt4pairImmET1_SI_",1,"flop_count_hp_fma","Floating Point Operations(Half Precision FMA)",0,0,0
"NVIDIA Tegra X1 (0)","_ZN83_GLOBAL__N__59_tmpxft_00000286_00000000_8_Distributions_compute_72_cpp1_ii_c3aa7ee643distribution_elementwise_grid_stride_kernelIfLi4EZZZN2at6native18normal_kernel_cudaERNS1_14TensorIteratorEddPNS1_9GeneratorEENKUlvE_clEvENKUlvE1_clEvEUlP24curandStatePhilox4_32_10E0_ZNS_27distribution_nullary_kernelIN3c104HalfEfLi4ESB_ZZZNS2_18normal_kernel_cudaES4_ddS6_ENKS7_clEvENKS8_clEvEUlfE_EEvS4_PNS1_13CUDAGeneratorERKT2_T3_EUlifE_EEviSt4pairImmET1_SI_",1,"flop_count_hp_mul","Floating Point Operation(Half Precision Mul)",0,0,0
"NVIDIA Tegra X1 (0)","_ZN83_GLOBAL__N__59_tmpxft_00000286_00000000_8_Distributions_compute_72_cpp1_ii_c3aa7ee643distribution_elementwise_grid_stride_kernelIfLi4EZZZN2at6native18normal_kernel_cudaERNS1_14TensorIteratorEddPNS1_9GeneratorEENKUlvE_clEvENKUlvE1_clEvEUlP24curandStatePhilox4_32_10E0_ZNS_27distribution_nullary_kernelIN3c104HalfEfLi4ESB_ZZZNS2_18normal_kernel_cudaES4_ddS6_ENKS7_clEvENKS8_clEvEUlfE_EEvS4_PNS1_13CUDAGeneratorERKT2_T3_EUlifE_EEviSt4pairImmET1_SI_",1,"flop_count_sp","Floating Point Operations(Single Precision)",4300800,4300800,4300800
"NVIDIA Tegra X1 (0)","_ZN83_GLOBAL__N__59_tmpxft_00000286_00000000_8_Distributions_compute_72_cpp1_ii_c3aa7ee643distribution_elementwise_grid_stride_kernelIfLi4EZZZN2at6native18normal_kernel_cudaERNS1_14TensorIteratorEddPNS1_9GeneratorEENKUlvE_clEvENKUlvE1_clEvEUlP24curandStatePhilox4_32_10E0_ZNS_27distribution_nullary_kernelIN3c104HalfEfLi4ESB_ZZZNS2_18normal_kernel_cudaES4_ddS6_ENKS7_clEvENKS8_clEvEUlfE_EEvS4_PNS1_13CUDAGeneratorERKT2_T3_EUlifE_EEviSt4pairImmET1_SI_",1,"flop_count_sp_add","Floating Point Operations(Single Precision Add)",204800,204800,204800
"NVIDIA Tegra X1 (0)","_ZN83_GLOBAL__N__59_tmpxft_00000286_00000000_8_Distributions_compute_72_cpp1_ii_c3aa7ee643distribution_elementwise_grid_stride_kernelIfLi4EZZZN2at6native18normal_kernel_cudaERNS1_14TensorIteratorEddPNS1_9GeneratorEENKUlvE_clEvENKUlvE1_clEvEUlP24curandStatePhilox4_32_10E0_ZNS_27distribution_nullary_kernelIN3c104HalfEfLi4ESB_ZZZNS2_18normal_kernel_cudaES4_ddS6_ENKS7_clEvENKS8_clEvEUlfE_EEvS4_PNS1_13CUDAGeneratorERKT2_T3_EUlifE_EEviSt4pairImmET1_SI_",1,"flop_count_sp_fma","Floating Point Operations(Single Precision FMA)",1740800,1740800,1740800
"NVIDIA Tegra X1 (0)","_ZN83_GLOBAL__N__59_tmpxft_00000286_00000000_8_Distributions_compute_72_cpp1_ii_c3aa7ee643distribution_elementwise_grid_stride_kernelIfLi4EZZZN2at6native18normal_kernel_cudaERNS1_14TensorIteratorEddPNS1_9GeneratorEENKUlvE_clEvENKUlvE1_clEvEUlP24curandStatePhilox4_32_10E0_ZNS_27distribution_nullary_kernelIN3c104HalfEfLi4ESB_ZZZNS2_18normal_kernel_cudaES4_ddS6_ENKS7_clEvENKS8_clEvEUlfE_EEvS4_PNS1_13CUDAGeneratorERKT2_T3_EUlifE_EEviSt4pairImmET1_SI_",1,"flop_count_sp_mul","Floating Point Operation(Single Precision Mul)",614400,614400,614400
"NVIDIA Tegra X1 (0)","_ZN83_GLOBAL__N__59_tmpxft_00000286_00000000_8_Distributions_compute_72_cpp1_ii_c3aa7ee643distribution_elementwise_grid_stride_kernelIfLi4EZZZN2at6native18normal_kernel_cudaERNS1_14TensorIteratorEddPNS1_9GeneratorEENKUlvE_clEvENKUlvE1_clEvEUlP24curandStatePhilox4_32_10E0_ZNS_27distribution_nullary_kernelIN3c104HalfEfLi4ESB_ZZZNS2_18normal_kernel_cudaES4_ddS6_ENKS7_clEvENKS8_clEvEUlfE_EEvS4_PNS1_13CUDAGeneratorERKT2_T3_EUlifE_EEviSt4pairImmET1_SI_",1,"flop_count_sp_special","Floating Point Operations(Single Precision Special)",309248,309248,309248
"NVIDIA Tegra X1 (0)","_ZN83_GLOBAL__N__59_tmpxft_00000286_00000000_8_Distributions_compute_72_cpp1_ii_c3aa7ee643distribution_elementwise_grid_stride_kernelIfLi4EZZZN2at6native18normal_kernel_cudaERNS1_14TensorIteratorEddPNS1_9GeneratorEENKUlvE_clEvENKUlvE1_clEvEUlP24curandStatePhilox4_32_10E0_ZNS_27distribution_nullary_kernelIN3c104HalfEfLi4ESB_ZZZNS2_18normal_kernel_cudaES4_ddS6_ENKS7_clEvENKS8_clEvEUlfE_EEvS4_PNS1_13CUDAGeneratorERKT2_T3_EUlifE_EEviSt4pairImmET1_SI_",1,"flop_dp_efficiency","FLOP Efficiency(Peak Double)",0.000000%,0.000000%,0.000000%
"NVIDIA Tegra X1 (0)","_ZN83_GLOBAL__N__59_tmpxft_00000286_00000000_8_Distributions_compute_72_cpp1_ii_c3aa7ee643distribution_elementwise_grid_stride_kernelIfLi4EZZZN2at6native18normal_kernel_cudaERNS1_14TensorIteratorEddPNS1_9GeneratorEENKUlvE_clEvENKUlvE1_clEvEUlP24curandStatePhilox4_32_10E0_ZNS_27distribution_nullary_kernelIN3c104HalfEfLi4ESB_ZZZNS2_18normal_kernel_cudaES4_ddS6_ENKS7_clEvENKS8_clEvEUlfE_EEvS4_PNS1_13CUDAGeneratorERKT2_T3_EUlifE_EEviSt4pairImmET1_SI_",1,"flop_hp_efficiency","FLOP Efficiency(Peak Half)",0.000000%,0.000000%,0.000000%
"NVIDIA Tegra X1 (0)","_ZN83_GLOBAL__N__59_tmpxft_00000286_00000000_8_Distributions_compute_72_cpp1_ii_c3aa7ee643distribution_elementwise_grid_stride_kernelIfLi4EZZZN2at6native18normal_kernel_cudaERNS1_14TensorIteratorEddPNS1_9GeneratorEENKUlvE_clEvENKUlvE1_clEvEUlP24curandStatePhilox4_32_10E0_ZNS_27distribution_nullary_kernelIN3c104HalfEfLi4ESB_ZZZNS2_18normal_kernel_cudaES4_ddS6_ENKS7_clEvENKS8_clEvEUlfE_EEvS4_PNS1_13CUDAGeneratorERKT2_T3_EUlifE_EEviSt4pairImmET1_SI_",1,"flop_sp_efficiency","FLOP Efficiency(Peak Single)",11.299967%,11.299967%,11.299967%
"NVIDIA Tegra X1 (0)","void scalePackedTensor_kernel<__half, float>(cudnnTensor4dStruct, __half*, float)",1,"achieved_occupancy","Achieved Occupancy",0.798822,0.798822,0.798822
"NVIDIA Tegra X1 (0)","void scalePackedTensor_kernel<__half, float>(cudnnTensor4dStruct, __half*, float)",1,"ipc","Executed IPC",2.470783,2.470783,2.470783
"NVIDIA Tegra X1 (0)","void scalePackedTensor_kernel<__half, float>(cudnnTensor4dStruct, __half*, float)",1,"l2_read_throughput","L2 Throughput (Reads)",137.260470MB/s,137.260470MB/s,137.260396MB/s
"NVIDIA Tegra X1 (0)","void scalePackedTensor_kernel<__half, float>(cudnnTensor4dStruct, __half*, float)",1,"l2_write_throughput","L2 Throughput (Writes)",794.665886MB/s,794.665886MB/s,794.665811MB/s
"NVIDIA Tegra X1 (0)","void scalePackedTensor_kernel<__half, float>(cudnnTensor4dStruct, __half*, float)",1,"sm_efficiency","Multiprocessor Activity",53.384344%,53.384344%,53.384344%
"NVIDIA Tegra X1 (0)","void scalePackedTensor_kernel<__half, float>(cudnnTensor4dStruct, __half*, float)",1,"flop_count_dp","Floating Point Operations(Double Precision)",0,0,0
"NVIDIA Tegra X1 (0)","void scalePackedTensor_kernel<__half, float>(cudnnTensor4dStruct, __half*, float)",1,"flop_count_dp_add","Floating Point Operations(Double Precision Add)",0,0,0
"NVIDIA Tegra X1 (0)","void scalePackedTensor_kernel<__half, float>(cudnnTensor4dStruct, __half*, float)",1,"flop_count_dp_fma","Floating Point Operations(Double Precision FMA)",0,0,0
"NVIDIA Tegra X1 (0)","void scalePackedTensor_kernel<__half, float>(cudnnTensor4dStruct, __half*, float)",1,"flop_count_dp_mul","Floating Point Operations(Double Precision Mul)",0,0,0
"NVIDIA Tegra X1 (0)","void scalePackedTensor_kernel<__half, float>(cudnnTensor4dStruct, __half*, float)",1,"flop_count_hp","Floating Point Operations(Half Precision)",0,0,0
"NVIDIA Tegra X1 (0)","void scalePackedTensor_kernel<__half, float>(cudnnTensor4dStruct, __half*, float)",1,"flop_count_hp_add","Floating Point Operations(Half Precision Add)",0,0,0
"NVIDIA Tegra X1 (0)","void scalePackedTensor_kernel<__half, float>(cudnnTensor4dStruct, __half*, float)",1,"flop_count_hp_fma","Floating Point Operations(Half Precision FMA)",0,0,0
"NVIDIA Tegra X1 (0)","void scalePackedTensor_kernel<__half, float>(cudnnTensor4dStruct, __half*, float)",1,"flop_count_hp_mul","Floating Point Operation(Half Precision Mul)",0,0,0
"NVIDIA Tegra X1 (0)","void scalePackedTensor_kernel<__half, float>(cudnnTensor4dStruct, __half*, float)",1,"flop_count_sp","Floating Point Operations(Single Precision)",0,0,0
"NVIDIA Tegra X1 (0)","void scalePackedTensor_kernel<__half, float>(cudnnTensor4dStruct, __half*, float)",1,"flop_count_sp_add","Floating Point Operations(Single Precision Add)",0,0,0
"NVIDIA Tegra X1 (0)","void scalePackedTensor_kernel<__half, float>(cudnnTensor4dStruct, __half*, float)",1,"flop_count_sp_fma","Floating Point Operations(Single Precision FMA)",0,0,0
"NVIDIA Tegra X1 (0)","void scalePackedTensor_kernel<__half, float>(cudnnTensor4dStruct, __half*, float)",1,"flop_count_sp_mul","Floating Point Operation(Single Precision Mul)",0,0,0
"NVIDIA Tegra X1 (0)","void scalePackedTensor_kernel<__half, float>(cudnnTensor4dStruct, __half*, float)",1,"flop_count_sp_special","Floating Point Operations(Single Precision Special)",0,0,0
"NVIDIA Tegra X1 (0)","void scalePackedTensor_kernel<__half, float>(cudnnTensor4dStruct, __half*, float)",1,"flop_dp_efficiency","FLOP Efficiency(Peak Double)",0.000000%,0.000000%,0.000000%
"NVIDIA Tegra X1 (0)","void scalePackedTensor_kernel<__half, float>(cudnnTensor4dStruct, __half*, float)",1,"flop_hp_efficiency","FLOP Efficiency(Peak Half)",0.000000%,0.000000%,0.000000%
"NVIDIA Tegra X1 (0)","void scalePackedTensor_kernel<__half, float>(cudnnTensor4dStruct, __half*, float)",1,"flop_sp_efficiency","FLOP Efficiency(Peak Single)",0.000000%,0.000000%,0.000000%
"NVIDIA Tegra X1 (0)","_ZN2at6native18elementwise_kernelILi512ELi1EZNS0_15gpu_kernel_implIZZZNS0_21copy_device_to_deviceERNS_14TensorIteratorEbENKUlvE_clEvENKUlvE2_clEvEUlfE_EEvS4_RKT_EUliE_EEviT1_",1,"achieved_occupancy","Achieved Occupancy",0.762842,0.762842,0.762842
"NVIDIA Tegra X1 (0)","_ZN2at6native18elementwise_kernelILi512ELi1EZNS0_15gpu_kernel_implIZZZNS0_21copy_device_to_deviceERNS_14TensorIteratorEbENKUlvE_clEvENKUlvE2_clEvEUlfE_EEvS4_RKT_EUliE_EEviT1_",1,"ipc","Executed IPC",2.062148,2.062148,2.062148
"NVIDIA Tegra X1 (0)","_ZN2at6native18elementwise_kernelILi512ELi1EZNS0_15gpu_kernel_implIZZZNS0_21copy_device_to_deviceERNS_14TensorIteratorEbENKUlvE_clEvENKUlvE2_clEvEUlfE_EEvS4_RKT_EUliE_EEviT1_",1,"l2_read_throughput","L2 Throughput (Reads)",645.246806MB/s,645.246806MB/s,645.246748MB/s
"NVIDIA Tegra X1 (0)","_ZN2at6native18elementwise_kernelILi512ELi1EZNS0_15gpu_kernel_implIZZZNS0_21copy_device_to_deviceERNS_14TensorIteratorEbENKUlvE_clEvENKUlvE2_clEvEUlfE_EEvS4_RKT_EUliE_EEviT1_",1,"l2_write_throughput","L2 Throughput (Writes)",1.184198GB/s,1.184198GB/s,1.184198GB/s
"NVIDIA Tegra X1 (0)","_ZN2at6native18elementwise_kernelILi512ELi1EZNS0_15gpu_kernel_implIZZZNS0_21copy_device_to_deviceERNS_14TensorIteratorEbENKUlvE_clEvENKUlvE2_clEvEUlfE_EEvS4_RKT_EUliE_EEviT1_",1,"sm_efficiency","Multiprocessor Activity",70.314560%,70.314560%,70.314560%
"NVIDIA Tegra X1 (0)","_ZN2at6native18elementwise_kernelILi512ELi1EZNS0_15gpu_kernel_implIZZZNS0_21copy_device_to_deviceERNS_14TensorIteratorEbENKUlvE_clEvENKUlvE2_clEvEUlfE_EEvS4_RKT_EUliE_EEviT1_",1,"flop_count_dp","Floating Point Operations(Double Precision)",0,0,0
"NVIDIA Tegra X1 (0)","_ZN2at6native18elementwise_kernelILi512ELi1EZNS0_15gpu_kernel_implIZZZNS0_21copy_device_to_deviceERNS_14TensorIteratorEbENKUlvE_clEvENKUlvE2_clEvEUlfE_EEvS4_RKT_EUliE_EEviT1_",1,"flop_count_dp_add","Floating Point Operations(Double Precision Add)",0,0,0
"NVIDIA Tegra X1 (0)","_ZN2at6native18elementwise_kernelILi512ELi1EZNS0_15gpu_kernel_implIZZZNS0_21copy_device_to_deviceERNS_14TensorIteratorEbENKUlvE_clEvENKUlvE2_clEvEUlfE_EEvS4_RKT_EUliE_EEviT1_",1,"flop_count_dp_fma","Floating Point Operations(Double Precision FMA)",0,0,0
"NVIDIA Tegra X1 (0)","_ZN2at6native18elementwise_kernelILi512ELi1EZNS0_15gpu_kernel_implIZZZNS0_21copy_device_to_deviceERNS_14TensorIteratorEbENKUlvE_clEvENKUlvE2_clEvEUlfE_EEvS4_RKT_EUliE_EEviT1_",1,"flop_count_dp_mul","Floating Point Operations(Double Precision Mul)",0,0,0
"NVIDIA Tegra X1 (0)","_ZN2at6native18elementwise_kernelILi512ELi1EZNS0_15gpu_kernel_implIZZZNS0_21copy_device_to_deviceERNS_14TensorIteratorEbENKUlvE_clEvENKUlvE2_clEvEUlfE_EEvS4_RKT_EUliE_EEviT1_",1,"flop_count_hp","Floating Point Operations(Half Precision)",0,0,0
"NVIDIA Tegra X1 (0)","_ZN2at6native18elementwise_kernelILi512ELi1EZNS0_15gpu_kernel_implIZZZNS0_21copy_device_to_deviceERNS_14TensorIteratorEbENKUlvE_clEvENKUlvE2_clEvEUlfE_EEvS4_RKT_EUliE_EEviT1_",1,"flop_count_hp_add","Floating Point Operations(Half Precision Add)",0,0,0
"NVIDIA Tegra X1 (0)","_ZN2at6native18elementwise_kernelILi512ELi1EZNS0_15gpu_kernel_implIZZZNS0_21copy_device_to_deviceERNS_14TensorIteratorEbENKUlvE_clEvENKUlvE2_clEvEUlfE_EEvS4_RKT_EUliE_EEviT1_",1,"flop_count_hp_fma","Floating Point Operations(Half Precision FMA)",0,0,0
"NVIDIA Tegra X1 (0)","_ZN2at6native18elementwise_kernelILi512ELi1EZNS0_15gpu_kernel_implIZZZNS0_21copy_device_to_deviceERNS_14TensorIteratorEbENKUlvE_clEvENKUlvE2_clEvEUlfE_EEvS4_RKT_EUliE_EEviT1_",1,"flop_count_hp_mul","Floating Point Operation(Half Precision Mul)",0,0,0
"NVIDIA Tegra X1 (0)","_ZN2at6native18elementwise_kernelILi512ELi1EZNS0_15gpu_kernel_implIZZZNS0_21copy_device_to_deviceERNS_14TensorIteratorEbENKUlvE_clEvENKUlvE2_clEvEUlfE_EEvS4_RKT_EUliE_EEviT1_",1,"flop_count_sp","Floating Point Operations(Single Precision)",0,0,0
"NVIDIA Tegra X1 (0)","_ZN2at6native18elementwise_kernelILi512ELi1EZNS0_15gpu_kernel_implIZZZNS0_21copy_device_to_deviceERNS_14TensorIteratorEbENKUlvE_clEvENKUlvE2_clEvEUlfE_EEvS4_RKT_EUliE_EEviT1_",1,"flop_count_sp_add","Floating Point Operations(Single Precision Add)",0,0,0
"NVIDIA Tegra X1 (0)","_ZN2at6native18elementwise_kernelILi512ELi1EZNS0_15gpu_kernel_implIZZZNS0_21copy_device_to_deviceERNS_14TensorIteratorEbENKUlvE_clEvENKUlvE2_clEvEUlfE_EEvS4_RKT_EUliE_EEviT1_",1,"flop_count_sp_fma","Floating Point Operations(Single Precision FMA)",0,0,0
"NVIDIA Tegra X1 (0)","_ZN2at6native18elementwise_kernelILi512ELi1EZNS0_15gpu_kernel_implIZZZNS0_21copy_device_to_deviceERNS_14TensorIteratorEbENKUlvE_clEvENKUlvE2_clEvEUlfE_EEvS4_RKT_EUliE_EEviT1_",1,"flop_count_sp_mul","Floating Point Operation(Single Precision Mul)",0,0,0
"NVIDIA Tegra X1 (0)","_ZN2at6native18elementwise_kernelILi512ELi1EZNS0_15gpu_kernel_implIZZZNS0_21copy_device_to_deviceERNS_14TensorIteratorEbENKUlvE_clEvENKUlvE2_clEvEUlfE_EEvS4_RKT_EUliE_EEviT1_",1,"flop_count_sp_special","Floating Point Operations(Single Precision Special)",0,0,0
"NVIDIA Tegra X1 (0)","_ZN2at6native18elementwise_kernelILi512ELi1EZNS0_15gpu_kernel_implIZZZNS0_21copy_device_to_deviceERNS_14TensorIteratorEbENKUlvE_clEvENKUlvE2_clEvEUlfE_EEvS4_RKT_EUliE_EEviT1_",1,"flop_dp_efficiency","FLOP Efficiency(Peak Double)",0.000000%,0.000000%,0.000000%
"NVIDIA Tegra X1 (0)","_ZN2at6native18elementwise_kernelILi512ELi1EZNS0_15gpu_kernel_implIZZZNS0_21copy_device_to_deviceERNS_14TensorIteratorEbENKUlvE_clEvENKUlvE2_clEvEUlfE_EEvS4_RKT_EUliE_EEviT1_",1,"flop_hp_efficiency","FLOP Efficiency(Peak Half)",0.000000%,0.000000%,0.000000%
"NVIDIA Tegra X1 (0)","_ZN2at6native18elementwise_kernelILi512ELi1EZNS0_15gpu_kernel_implIZZZNS0_21copy_device_to_deviceERNS_14TensorIteratorEbENKUlvE_clEvENKUlvE2_clEvEUlfE_EEvS4_RKT_EUliE_EEviT1_",1,"flop_sp_efficiency","FLOP Efficiency(Peak Single)",0.000000%,0.000000%,0.000000%
