==7197== NVPROF is profiling process 7197, command: python TorchDCNN.py pgan 1 15 False 512 512 4
==7197== Some kernel(s) will be replayed on device 0 in order to collect all events/metrics.
==7197== Profiling application: python TorchDCNN.py pgan 1 15 False 512 512 4
==7197== Profiling result:
==7197== Metric result:
"Device","Kernel","Invocations","Metric Name","Metric Description","Min","Max","Avg"
"NVIDIA Tegra X1 (0)","_ZN83_GLOBAL__N__59_tmpxft_00000286_00000000_8_Distributions_compute_72_cpp1_ii_c3aa7ee643distribution_elementwise_grid_stride_kernelIfLi4EZZZN2at6native18normal_kernel_cudaERNS1_14TensorIteratorEddPNS1_9GeneratorEENKUlvE_clEvENKUlvE0_clEvEUlP24curandStatePhilox4_32_10E0_ZNS_27distribution_nullary_kernelIffLi4ESB_ZZZNS2_18normal_kernel_cudaES4_ddS6_ENKS7_clEvENKS8_clEvEUlfE_EEvS4_PNS1_13CUDAGeneratorERKT2_T3_EUlifE_EEviSt4pairImmET1_SG_",1,"achieved_occupancy","Achieved Occupancy",0.498408,0.498408,0.498408
"NVIDIA Tegra X1 (0)","_ZN83_GLOBAL__N__59_tmpxft_00000286_00000000_8_Distributions_compute_72_cpp1_ii_c3aa7ee643distribution_elementwise_grid_stride_kernelIfLi4EZZZN2at6native18normal_kernel_cudaERNS1_14TensorIteratorEddPNS1_9GeneratorEENKUlvE_clEvENKUlvE0_clEvEUlP24curandStatePhilox4_32_10E0_ZNS_27distribution_nullary_kernelIffLi4ESB_ZZZNS2_18normal_kernel_cudaES4_ddS6_ENKS7_clEvENKS8_clEvEUlfE_EEvS4_PNS1_13CUDAGeneratorERKT2_T3_EUlifE_EEviSt4pairImmET1_SG_",1,"ipc","Executed IPC",4.018199,4.018199,4.018199
"NVIDIA Tegra X1 (0)","_ZN83_GLOBAL__N__59_tmpxft_00000286_00000000_8_Distributions_compute_72_cpp1_ii_c3aa7ee643distribution_elementwise_grid_stride_kernelIfLi4EZZZN2at6native18normal_kernel_cudaERNS1_14TensorIteratorEddPNS1_9GeneratorEENKUlvE_clEvENKUlvE0_clEvEUlP24curandStatePhilox4_32_10E0_ZNS_27distribution_nullary_kernelIffLi4ESB_ZZZNS2_18normal_kernel_cudaES4_ddS6_ENKS7_clEvENKS8_clEvEUlfE_EEvS4_PNS1_13CUDAGeneratorERKT2_T3_EUlifE_EEviSt4pairImmET1_SG_",1,"l2_read_throughput","L2 Throughput (Reads)",77.948318MB/s,77.948318MB/s,77.948317MB/s
"NVIDIA Tegra X1 (0)","_ZN83_GLOBAL__N__59_tmpxft_00000286_00000000_8_Distributions_compute_72_cpp1_ii_c3aa7ee643distribution_elementwise_grid_stride_kernelIfLi4EZZZN2at6native18normal_kernel_cudaERNS1_14TensorIteratorEddPNS1_9GeneratorEENKUlvE_clEvENKUlvE0_clEvEUlP24curandStatePhilox4_32_10E0_ZNS_27distribution_nullary_kernelIffLi4ESB_ZZZNS2_18normal_kernel_cudaES4_ddS6_ENKS7_clEvENKS8_clEvEUlfE_EEvS4_PNS1_13CUDAGeneratorERKT2_T3_EUlifE_EEviSt4pairImmET1_SG_",1,"l2_write_throughput","L2 Throughput (Writes)",5.007680GB/s,5.007680GB/s,5.007680GB/s
"NVIDIA Tegra X1 (0)","_ZN83_GLOBAL__N__59_tmpxft_00000286_00000000_8_Distributions_compute_72_cpp1_ii_c3aa7ee643distribution_elementwise_grid_stride_kernelIfLi4EZZZN2at6native18normal_kernel_cudaERNS1_14TensorIteratorEddPNS1_9GeneratorEENKUlvE_clEvENKUlvE0_clEvEUlP24curandStatePhilox4_32_10E0_ZNS_27distribution_nullary_kernelIffLi4ESB_ZZZNS2_18normal_kernel_cudaES4_ddS6_ENKS7_clEvENKS8_clEvEUlfE_EEvS4_PNS1_13CUDAGeneratorERKT2_T3_EUlifE_EEviSt4pairImmET1_SG_",1,"sm_efficiency","Multiprocessor Activity",99.940892%,99.940892%,99.940892%
"NVIDIA Tegra X1 (0)","_ZN83_GLOBAL__N__59_tmpxft_00000286_00000000_8_Distributions_compute_72_cpp1_ii_c3aa7ee643distribution_elementwise_grid_stride_kernelIfLi4EZZZN2at6native18normal_kernel_cudaERNS1_14TensorIteratorEddPNS1_9GeneratorEENKUlvE_clEvENKUlvE0_clEvEUlP24curandStatePhilox4_32_10E0_ZNS_27distribution_nullary_kernelIffLi4ESB_ZZZNS2_18normal_kernel_cudaES4_ddS6_ENKS7_clEvENKS8_clEvEUlfE_EEvS4_PNS1_13CUDAGeneratorERKT2_T3_EUlifE_EEviSt4pairImmET1_SG_",1,"flop_count_dp","Floating Point Operations(Double Precision)",0,0,0
"NVIDIA Tegra X1 (0)","_ZN83_GLOBAL__N__59_tmpxft_00000286_00000000_8_Distributions_compute_72_cpp1_ii_c3aa7ee643distribution_elementwise_grid_stride_kernelIfLi4EZZZN2at6native18normal_kernel_cudaERNS1_14TensorIteratorEddPNS1_9GeneratorEENKUlvE_clEvENKUlvE0_clEvEUlP24curandStatePhilox4_32_10E0_ZNS_27distribution_nullary_kernelIffLi4ESB_ZZZNS2_18normal_kernel_cudaES4_ddS6_ENKS7_clEvENKS8_clEvEUlfE_EEvS4_PNS1_13CUDAGeneratorERKT2_T3_EUlifE_EEviSt4pairImmET1_SG_",1,"flop_count_dp_add","Floating Point Operations(Double Precision Add)",0,0,0
"NVIDIA Tegra X1 (0)","_ZN83_GLOBAL__N__59_tmpxft_00000286_00000000_8_Distributions_compute_72_cpp1_ii_c3aa7ee643distribution_elementwise_grid_stride_kernelIfLi4EZZZN2at6native18normal_kernel_cudaERNS1_14TensorIteratorEddPNS1_9GeneratorEENKUlvE_clEvENKUlvE0_clEvEUlP24curandStatePhilox4_32_10E0_ZNS_27distribution_nullary_kernelIffLi4ESB_ZZZNS2_18normal_kernel_cudaES4_ddS6_ENKS7_clEvENKS8_clEvEUlfE_EEvS4_PNS1_13CUDAGeneratorERKT2_T3_EUlifE_EEviSt4pairImmET1_SG_",1,"flop_count_dp_fma","Floating Point Operations(Double Precision FMA)",0,0,0
"NVIDIA Tegra X1 (0)","_ZN83_GLOBAL__N__59_tmpxft_00000286_00000000_8_Distributions_compute_72_cpp1_ii_c3aa7ee643distribution_elementwise_grid_stride_kernelIfLi4EZZZN2at6native18normal_kernel_cudaERNS1_14TensorIteratorEddPNS1_9GeneratorEENKUlvE_clEvENKUlvE0_clEvEUlP24curandStatePhilox4_32_10E0_ZNS_27distribution_nullary_kernelIffLi4ESB_ZZZNS2_18normal_kernel_cudaES4_ddS6_ENKS7_clEvENKS8_clEvEUlfE_EEvS4_PNS1_13CUDAGeneratorERKT2_T3_EUlifE_EEviSt4pairImmET1_SG_",1,"flop_count_dp_mul","Floating Point Operations(Double Precision Mul)",0,0,0
"NVIDIA Tegra X1 (0)","_ZN83_GLOBAL__N__59_tmpxft_00000286_00000000_8_Distributions_compute_72_cpp1_ii_c3aa7ee643distribution_elementwise_grid_stride_kernelIfLi4EZZZN2at6native18normal_kernel_cudaERNS1_14TensorIteratorEddPNS1_9GeneratorEENKUlvE_clEvENKUlvE0_clEvEUlP24curandStatePhilox4_32_10E0_ZNS_27distribution_nullary_kernelIffLi4ESB_ZZZNS2_18normal_kernel_cudaES4_ddS6_ENKS7_clEvENKS8_clEvEUlfE_EEvS4_PNS1_13CUDAGeneratorERKT2_T3_EUlifE_EEviSt4pairImmET1_SG_",1,"flop_count_hp","Floating Point Operations(Half Precision)",0,0,0
"NVIDIA Tegra X1 (0)","_ZN83_GLOBAL__N__59_tmpxft_00000286_00000000_8_Distributions_compute_72_cpp1_ii_c3aa7ee643distribution_elementwise_grid_stride_kernelIfLi4EZZZN2at6native18normal_kernel_cudaERNS1_14TensorIteratorEddPNS1_9GeneratorEENKUlvE_clEvENKUlvE0_clEvEUlP24curandStatePhilox4_32_10E0_ZNS_27distribution_nullary_kernelIffLi4ESB_ZZZNS2_18normal_kernel_cudaES4_ddS6_ENKS7_clEvENKS8_clEvEUlfE_EEvS4_PNS1_13CUDAGeneratorERKT2_T3_EUlifE_EEviSt4pairImmET1_SG_",1,"flop_count_hp_add","Floating Point Operations(Half Precision Add)",0,0,0
"NVIDIA Tegra X1 (0)","_ZN83_GLOBAL__N__59_tmpxft_00000286_00000000_8_Distributions_compute_72_cpp1_ii_c3aa7ee643distribution_elementwise_grid_stride_kernelIfLi4EZZZN2at6native18normal_kernel_cudaERNS1_14TensorIteratorEddPNS1_9GeneratorEENKUlvE_clEvENKUlvE0_clEvEUlP24curandStatePhilox4_32_10E0_ZNS_27distribution_nullary_kernelIffLi4ESB_ZZZNS2_18normal_kernel_cudaES4_ddS6_ENKS7_clEvENKS8_clEvEUlfE_EEvS4_PNS1_13CUDAGeneratorERKT2_T3_EUlifE_EEviSt4pairImmET1_SG_",1,"flop_count_hp_fma","Floating Point Operations(Half Precision FMA)",0,0,0
"NVIDIA Tegra X1 (0)","_ZN83_GLOBAL__N__59_tmpxft_00000286_00000000_8_Distributions_compute_72_cpp1_ii_c3aa7ee643distribution_elementwise_grid_stride_kernelIfLi4EZZZN2at6native18normal_kernel_cudaERNS1_14TensorIteratorEddPNS1_9GeneratorEENKUlvE_clEvENKUlvE0_clEvEUlP24curandStatePhilox4_32_10E0_ZNS_27distribution_nullary_kernelIffLi4ESB_ZZZNS2_18normal_kernel_cudaES4_ddS6_ENKS7_clEvENKS8_clEvEUlfE_EEvS4_PNS1_13CUDAGeneratorERKT2_T3_EUlifE_EEviSt4pairImmET1_SG_",1,"flop_count_hp_mul","Floating Point Operation(Half Precision Mul)",0,0,0
"NVIDIA Tegra X1 (0)","_ZN83_GLOBAL__N__59_tmpxft_00000286_00000000_8_Distributions_compute_72_cpp1_ii_c3aa7ee643distribution_elementwise_grid_stride_kernelIfLi4EZZZN2at6native18normal_kernel_cudaERNS1_14TensorIteratorEddPNS1_9GeneratorEENKUlvE_clEvENKUlvE0_clEvEUlP24curandStatePhilox4_32_10E0_ZNS_27distribution_nullary_kernelIffLi4ESB_ZZZNS2_18normal_kernel_cudaES4_ddS6_ENKS7_clEvENKS8_clEvEUlfE_EEvS4_PNS1_13CUDAGeneratorERKT2_T3_EUlifE_EEviSt4pairImmET1_SG_",1,"flop_count_sp","Floating Point Operations(Single Precision)",88080384,88080384,88080384
"NVIDIA Tegra X1 (0)","_ZN83_GLOBAL__N__59_tmpxft_00000286_00000000_8_Distributions_compute_72_cpp1_ii_c3aa7ee643distribution_elementwise_grid_stride_kernelIfLi4EZZZN2at6native18normal_kernel_cudaERNS1_14TensorIteratorEddPNS1_9GeneratorEENKUlvE_clEvENKUlvE0_clEvEUlP24curandStatePhilox4_32_10E0_ZNS_27distribution_nullary_kernelIffLi4ESB_ZZZNS2_18normal_kernel_cudaES4_ddS6_ENKS7_clEvENKS8_clEvEUlfE_EEvS4_PNS1_13CUDAGeneratorERKT2_T3_EUlifE_EEviSt4pairImmET1_SG_",1,"flop_count_sp_add","Floating Point Operations(Single Precision Add)",4194304,4194304,4194304
"NVIDIA Tegra X1 (0)","_ZN83_GLOBAL__N__59_tmpxft_00000286_00000000_8_Distributions_compute_72_cpp1_ii_c3aa7ee643distribution_elementwise_grid_stride_kernelIfLi4EZZZN2at6native18normal_kernel_cudaERNS1_14TensorIteratorEddPNS1_9GeneratorEENKUlvE_clEvENKUlvE0_clEvEUlP24curandStatePhilox4_32_10E0_ZNS_27distribution_nullary_kernelIffLi4ESB_ZZZNS2_18normal_kernel_cudaES4_ddS6_ENKS7_clEvENKS8_clEvEUlfE_EEvS4_PNS1_13CUDAGeneratorERKT2_T3_EUlifE_EEviSt4pairImmET1_SG_",1,"flop_count_sp_fma","Floating Point Operations(Single Precision FMA)",35651584,35651584,35651584
"NVIDIA Tegra X1 (0)","_ZN83_GLOBAL__N__59_tmpxft_00000286_00000000_8_Distributions_compute_72_cpp1_ii_c3aa7ee643distribution_elementwise_grid_stride_kernelIfLi4EZZZN2at6native18normal_kernel_cudaERNS1_14TensorIteratorEddPNS1_9GeneratorEENKUlvE_clEvENKUlvE0_clEvEUlP24curandStatePhilox4_32_10E0_ZNS_27distribution_nullary_kernelIffLi4ESB_ZZZNS2_18normal_kernel_cudaES4_ddS6_ENKS7_clEvENKS8_clEvEUlfE_EEvS4_PNS1_13CUDAGeneratorERKT2_T3_EUlifE_EEviSt4pairImmET1_SG_",1,"flop_count_sp_mul","Floating Point Operation(Single Precision Mul)",12582912,12582912,12582912
"NVIDIA Tegra X1 (0)","_ZN83_GLOBAL__N__59_tmpxft_00000286_00000000_8_Distributions_compute_72_cpp1_ii_c3aa7ee643distribution_elementwise_grid_stride_kernelIfLi4EZZZN2at6native18normal_kernel_cudaERNS1_14TensorIteratorEddPNS1_9GeneratorEENKUlvE_clEvENKUlvE0_clEvEUlP24curandStatePhilox4_32_10E0_ZNS_27distribution_nullary_kernelIffLi4ESB_ZZZNS2_18normal_kernel_cudaES4_ddS6_ENKS7_clEvENKS8_clEvEUlfE_EEvS4_PNS1_13CUDAGeneratorERKT2_T3_EUlifE_EEviSt4pairImmET1_SG_",1,"flop_count_sp_special","Floating Point Operations(Single Precision Special)",6293504,6293504,6293504
"NVIDIA Tegra X1 (0)","_ZN83_GLOBAL__N__59_tmpxft_00000286_00000000_8_Distributions_compute_72_cpp1_ii_c3aa7ee643distribution_elementwise_grid_stride_kernelIfLi4EZZZN2at6native18normal_kernel_cudaERNS1_14TensorIteratorEddPNS1_9GeneratorEENKUlvE_clEvENKUlvE0_clEvEUlP24curandStatePhilox4_32_10E0_ZNS_27distribution_nullary_kernelIffLi4ESB_ZZZNS2_18normal_kernel_cudaES4_ddS6_ENKS7_clEvENKS8_clEvEUlfE_EEvS4_PNS1_13CUDAGeneratorERKT2_T3_EUlifE_EEviSt4pairImmET1_SG_",1,"flop_dp_efficiency","FLOP Efficiency(Peak Double)",0.000000%,0.000000%,0.000000%
"NVIDIA Tegra X1 (0)","_ZN83_GLOBAL__N__59_tmpxft_00000286_00000000_8_Distributions_compute_72_cpp1_ii_c3aa7ee643distribution_elementwise_grid_stride_kernelIfLi4EZZZN2at6native18normal_kernel_cudaERNS1_14TensorIteratorEddPNS1_9GeneratorEENKUlvE_clEvENKUlvE0_clEvEUlP24curandStatePhilox4_32_10E0_ZNS_27distribution_nullary_kernelIffLi4ESB_ZZZNS2_18normal_kernel_cudaES4_ddS6_ENKS7_clEvENKS8_clEvEUlfE_EEvS4_PNS1_13CUDAGeneratorERKT2_T3_EUlifE_EEviSt4pairImmET1_SG_",1,"flop_hp_efficiency","FLOP Efficiency(Peak Half)",0.000000%,0.000000%,0.000000%
"NVIDIA Tegra X1 (0)","_ZN83_GLOBAL__N__59_tmpxft_00000286_00000000_8_Distributions_compute_72_cpp1_ii_c3aa7ee643distribution_elementwise_grid_stride_kernelIfLi4EZZZN2at6native18normal_kernel_cudaERNS1_14TensorIteratorEddPNS1_9GeneratorEENKUlvE_clEvENKUlvE0_clEvEUlP24curandStatePhilox4_32_10E0_ZNS_27distribution_nullary_kernelIffLi4ESB_ZZZNS2_18normal_kernel_cudaES4_ddS6_ENKS7_clEvENKS8_clEvEUlfE_EEvS4_PNS1_13CUDAGeneratorERKT2_T3_EUlifE_EEviSt4pairImmET1_SG_",1,"flop_sp_efficiency","FLOP Efficiency(Peak Single)",12.569177%,12.569177%,12.569177%
"NVIDIA Tegra X1 (0)","void cudnn::detail::dgrad_engine<float, int=512, int=6, int=5, int=3, int=3, int=3, bool=1>(int, int, int, float const *, int, float const , int, cudnn::detail::dgrad_engine<float, int=512, int=6, int=5, int=3, int=3, int=3, bool=1>*, kernel_grad_params, int, int, float, int, int, int)",1,"achieved_occupancy","Achieved Occupancy",0.362722,0.362722,0.362722
"NVIDIA Tegra X1 (0)","void cudnn::detail::dgrad_engine<float, int=512, int=6, int=5, int=3, int=3, int=3, bool=1>(int, int, int, float const *, int, float const , int, cudnn::detail::dgrad_engine<float, int=512, int=6, int=5, int=3, int=3, int=3, bool=1>*, kernel_grad_params, int, int, float, int, int, int)",1,"ipc","Executed IPC",3.305822,3.305822,3.305822
"NVIDIA Tegra X1 (0)","void cudnn::detail::dgrad_engine<float, int=512, int=6, int=5, int=3, int=3, int=3, bool=1>(int, int, int, float const *, int, float const , int, cudnn::detail::dgrad_engine<float, int=512, int=6, int=5, int=3, int=3, int=3, bool=1>*, kernel_grad_params, int, int, float, int, int, int)",1,"l2_read_throughput","L2 Throughput (Reads)",12.920108GB/s,12.920108GB/s,12.920108GB/s
"NVIDIA Tegra X1 (0)","void cudnn::detail::dgrad_engine<float, int=512, int=6, int=5, int=3, int=3, int=3, bool=1>(int, int, int, float const *, int, float const , int, cudnn::detail::dgrad_engine<float, int=512, int=6, int=5, int=3, int=3, int=3, bool=1>*, kernel_grad_params, int, int, float, int, int, int)",1,"l2_write_throughput","L2 Throughput (Writes)",1.528872GB/s,1.528872GB/s,1.528872GB/s
"NVIDIA Tegra X1 (0)","void cudnn::detail::dgrad_engine<float, int=512, int=6, int=5, int=3, int=3, int=3, bool=1>(int, int, int, float const *, int, float const , int, cudnn::detail::dgrad_engine<float, int=512, int=6, int=5, int=3, int=3, int=3, bool=1>*, kernel_grad_params, int, int, float, int, int, int)",1,"sm_efficiency","Multiprocessor Activity",99.992495%,99.992495%,99.992495%
"NVIDIA Tegra X1 (0)","void cudnn::detail::dgrad_engine<float, int=512, int=6, int=5, int=3, int=3, int=3, bool=1>(int, int, int, float const *, int, float const , int, cudnn::detail::dgrad_engine<float, int=512, int=6, int=5, int=3, int=3, int=3, bool=1>*, kernel_grad_params, int, int, float, int, int, int)",1,"flop_count_dp","Floating Point Operations(Double Precision)",0,0,0
"NVIDIA Tegra X1 (0)","void cudnn::detail::dgrad_engine<float, int=512, int=6, int=5, int=3, int=3, int=3, bool=1>(int, int, int, float const *, int, float const , int, cudnn::detail::dgrad_engine<float, int=512, int=6, int=5, int=3, int=3, int=3, bool=1>*, kernel_grad_params, int, int, float, int, int, int)",1,"flop_count_dp_add","Floating Point Operations(Double Precision Add)",0,0,0
"NVIDIA Tegra X1 (0)","void cudnn::detail::dgrad_engine<float, int=512, int=6, int=5, int=3, int=3, int=3, bool=1>(int, int, int, float const *, int, float const , int, cudnn::detail::dgrad_engine<float, int=512, int=6, int=5, int=3, int=3, int=3, bool=1>*, kernel_grad_params, int, int, float, int, int, int)",1,"flop_count_dp_fma","Floating Point Operations(Double Precision FMA)",0,0,0
"NVIDIA Tegra X1 (0)","void cudnn::detail::dgrad_engine<float, int=512, int=6, int=5, int=3, int=3, int=3, bool=1>(int, int, int, float const *, int, float const , int, cudnn::detail::dgrad_engine<float, int=512, int=6, int=5, int=3, int=3, int=3, bool=1>*, kernel_grad_params, int, int, float, int, int, int)",1,"flop_count_dp_mul","Floating Point Operations(Double Precision Mul)",0,0,0
"NVIDIA Tegra X1 (0)","void cudnn::detail::dgrad_engine<float, int=512, int=6, int=5, int=3, int=3, int=3, bool=1>(int, int, int, float const *, int, float const , int, cudnn::detail::dgrad_engine<float, int=512, int=6, int=5, int=3, int=3, int=3, bool=1>*, kernel_grad_params, int, int, float, int, int, int)",1,"flop_count_hp","Floating Point Operations(Half Precision)",0,0,0
"NVIDIA Tegra X1 (0)","void cudnn::detail::dgrad_engine<float, int=512, int=6, int=5, int=3, int=3, int=3, bool=1>(int, int, int, float const *, int, float const , int, cudnn::detail::dgrad_engine<float, int=512, int=6, int=5, int=3, int=3, int=3, bool=1>*, kernel_grad_params, int, int, float, int, int, int)",1,"flop_count_hp_add","Floating Point Operations(Half Precision Add)",0,0,0
"NVIDIA Tegra X1 (0)","void cudnn::detail::dgrad_engine<float, int=512, int=6, int=5, int=3, int=3, int=3, bool=1>(int, int, int, float const *, int, float const , int, cudnn::detail::dgrad_engine<float, int=512, int=6, int=5, int=3, int=3, int=3, bool=1>*, kernel_grad_params, int, int, float, int, int, int)",1,"flop_count_hp_fma","Floating Point Operations(Half Precision FMA)",0,0,0
"NVIDIA Tegra X1 (0)","void cudnn::detail::dgrad_engine<float, int=512, int=6, int=5, int=3, int=3, int=3, bool=1>(int, int, int, float const *, int, float const , int, cudnn::detail::dgrad_engine<float, int=512, int=6, int=5, int=3, int=3, int=3, bool=1>*, kernel_grad_params, int, int, float, int, int, int)",1,"flop_count_hp_mul","Floating Point Operation(Half Precision Mul)",0,0,0
"NVIDIA Tegra X1 (0)","void cudnn::detail::dgrad_engine<float, int=512, int=6, int=5, int=3, int=3, int=3, bool=1>(int, int, int, float const *, int, float const , int, cudnn::detail::dgrad_engine<float, int=512, int=6, int=5, int=3, int=3, int=3, bool=1>*, kernel_grad_params, int, int, float, int, int, int)",1,"flop_count_sp","Floating Point Operations(Single Precision)",4028037120,4028037120,4028037120
"NVIDIA Tegra X1 (0)","void cudnn::detail::dgrad_engine<float, int=512, int=6, int=5, int=3, int=3, int=3, bool=1>(int, int, int, float const *, int, float const , int, cudnn::detail::dgrad_engine<float, int=512, int=6, int=5, int=3, int=3, int=3, bool=1>*, kernel_grad_params, int, int, float, int, int, int)",1,"flop_count_sp_add","Floating Point Operations(Single Precision Add)",0,0,0
"NVIDIA Tegra X1 (0)","void cudnn::detail::dgrad_engine<float, int=512, int=6, int=5, int=3, int=3, int=3, bool=1>(int, int, int, float const *, int, float const , int, cudnn::detail::dgrad_engine<float, int=512, int=6, int=5, int=3, int=3, int=3, bool=1>*, kernel_grad_params, int, int, float, int, int, int)",1,"flop_count_sp_fma","Floating Point Operations(Single Precision FMA)",2013265920,2013265920,2013265920
"NVIDIA Tegra X1 (0)","void cudnn::detail::dgrad_engine<float, int=512, int=6, int=5, int=3, int=3, int=3, bool=1>(int, int, int, float const *, int, float const , int, cudnn::detail::dgrad_engine<float, int=512, int=6, int=5, int=3, int=3, int=3, bool=1>*, kernel_grad_params, int, int, float, int, int, int)",1,"flop_count_sp_mul","Floating Point Operation(Single Precision Mul)",1505280,1505280,1505280
"NVIDIA Tegra X1 (0)","void cudnn::detail::dgrad_engine<float, int=512, int=6, int=5, int=3, int=3, int=3, bool=1>(int, int, int, float const *, int, float const , int, cudnn::detail::dgrad_engine<float, int=512, int=6, int=5, int=3, int=3, int=3, bool=1>*, kernel_grad_params, int, int, float, int, int, int)",1,"flop_count_sp_special","Floating Point Operations(Single Precision Special)",0,0,0
"NVIDIA Tegra X1 (0)","void cudnn::detail::dgrad_engine<float, int=512, int=6, int=5, int=3, int=3, int=3, bool=1>(int, int, int, float const *, int, float const , int, cudnn::detail::dgrad_engine<float, int=512, int=6, int=5, int=3, int=3, int=3, bool=1>*, kernel_grad_params, int, int, float, int, int, int)",1,"flop_dp_efficiency","FLOP Efficiency(Peak Double)",0.000000%,0.000000%,0.000000%
"NVIDIA Tegra X1 (0)","void cudnn::detail::dgrad_engine<float, int=512, int=6, int=5, int=3, int=3, int=3, bool=1>(int, int, int, float const *, int, float const , int, cudnn::detail::dgrad_engine<float, int=512, int=6, int=5, int=3, int=3, int=3, bool=1>*, kernel_grad_params, int, int, float, int, int, int)",1,"flop_hp_efficiency","FLOP Efficiency(Peak Half)",0.000000%,0.000000%,0.000000%
"NVIDIA Tegra X1 (0)","void cudnn::detail::dgrad_engine<float, int=512, int=6, int=5, int=3, int=3, int=3, bool=1>(int, int, int, float const *, int, float const , int, cudnn::detail::dgrad_engine<float, int=512, int=6, int=5, int=3, int=3, int=3, bool=1>*, kernel_grad_params, int, int, float, int, int, int)",1,"flop_sp_efficiency","FLOP Efficiency(Peak Single)",61.475960%,61.475960%,61.475960%
"NVIDIA Tegra X1 (0)","void scalePackedTensor_kernel<float, float>(cudnnTensor4dStruct, float*, float)",1,"achieved_occupancy","Achieved Occupancy",0.689904,0.689904,0.689904
"NVIDIA Tegra X1 (0)","void scalePackedTensor_kernel<float, float>(cudnnTensor4dStruct, float*, float)",1,"ipc","Executed IPC",3.884447,3.884447,3.884447
"NVIDIA Tegra X1 (0)","void scalePackedTensor_kernel<float, float>(cudnnTensor4dStruct, float*, float)",1,"l2_read_throughput","L2 Throughput (Reads)",48.428187MB/s,48.428187MB/s,48.428185MB/s
"NVIDIA Tegra X1 (0)","void scalePackedTensor_kernel<float, float>(cudnnTensor4dStruct, float*, float)",1,"l2_write_throughput","L2 Throughput (Writes)",5.333453GB/s,5.333453GB/s,5.333453GB/s
"NVIDIA Tegra X1 (0)","void scalePackedTensor_kernel<float, float>(cudnnTensor4dStruct, float*, float)",1,"sm_efficiency","Multiprocessor Activity",98.486445%,98.486445%,98.486445%
"NVIDIA Tegra X1 (0)","void scalePackedTensor_kernel<float, float>(cudnnTensor4dStruct, float*, float)",1,"flop_count_dp","Floating Point Operations(Double Precision)",0,0,0
"NVIDIA Tegra X1 (0)","void scalePackedTensor_kernel<float, float>(cudnnTensor4dStruct, float*, float)",1,"flop_count_dp_add","Floating Point Operations(Double Precision Add)",0,0,0
"NVIDIA Tegra X1 (0)","void scalePackedTensor_kernel<float, float>(cudnnTensor4dStruct, float*, float)",1,"flop_count_dp_fma","Floating Point Operations(Double Precision FMA)",0,0,0
"NVIDIA Tegra X1 (0)","void scalePackedTensor_kernel<float, float>(cudnnTensor4dStruct, float*, float)",1,"flop_count_dp_mul","Floating Point Operations(Double Precision Mul)",0,0,0
"NVIDIA Tegra X1 (0)","void scalePackedTensor_kernel<float, float>(cudnnTensor4dStruct, float*, float)",1,"flop_count_hp","Floating Point Operations(Half Precision)",0,0,0
"NVIDIA Tegra X1 (0)","void scalePackedTensor_kernel<float, float>(cudnnTensor4dStruct, float*, float)",1,"flop_count_hp_add","Floating Point Operations(Half Precision Add)",0,0,0
"NVIDIA Tegra X1 (0)","void scalePackedTensor_kernel<float, float>(cudnnTensor4dStruct, float*, float)",1,"flop_count_hp_fma","Floating Point Operations(Half Precision FMA)",0,0,0
"NVIDIA Tegra X1 (0)","void scalePackedTensor_kernel<float, float>(cudnnTensor4dStruct, float*, float)",1,"flop_count_hp_mul","Floating Point Operation(Half Precision Mul)",0,0,0
"NVIDIA Tegra X1 (0)","void scalePackedTensor_kernel<float, float>(cudnnTensor4dStruct, float*, float)",1,"flop_count_sp","Floating Point Operations(Single Precision)",0,0,0
"NVIDIA Tegra X1 (0)","void scalePackedTensor_kernel<float, float>(cudnnTensor4dStruct, float*, float)",1,"flop_count_sp_add","Floating Point Operations(Single Precision Add)",0,0,0
"NVIDIA Tegra X1 (0)","void scalePackedTensor_kernel<float, float>(cudnnTensor4dStruct, float*, float)",1,"flop_count_sp_fma","Floating Point Operations(Single Precision FMA)",0,0,0
"NVIDIA Tegra X1 (0)","void scalePackedTensor_kernel<float, float>(cudnnTensor4dStruct, float*, float)",1,"flop_count_sp_mul","Floating Point Operation(Single Precision Mul)",0,0,0
"NVIDIA Tegra X1 (0)","void scalePackedTensor_kernel<float, float>(cudnnTensor4dStruct, float*, float)",1,"flop_count_sp_special","Floating Point Operations(Single Precision Special)",0,0,0
"NVIDIA Tegra X1 (0)","void scalePackedTensor_kernel<float, float>(cudnnTensor4dStruct, float*, float)",1,"flop_dp_efficiency","FLOP Efficiency(Peak Double)",0.000000%,0.000000%,0.000000%
"NVIDIA Tegra X1 (0)","void scalePackedTensor_kernel<float, float>(cudnnTensor4dStruct, float*, float)",1,"flop_hp_efficiency","FLOP Efficiency(Peak Half)",0.000000%,0.000000%,0.000000%
"NVIDIA Tegra X1 (0)","void scalePackedTensor_kernel<float, float>(cudnnTensor4dStruct, float*, float)",1,"flop_sp_efficiency","FLOP Efficiency(Peak Single)",0.000000%,0.000000%,0.000000%
"NVIDIA Tegra X1 (0)","void add_tensor_kernel_v3<int=2, float, float, int=128, int=1, int=1, int=4, int=2>(cudnnTensorStruct, float*, cudnnTensorStruct, float const *, float, float, int, int, int)",1,"achieved_occupancy","Achieved Occupancy",0.811269,0.811269,0.811269
"NVIDIA Tegra X1 (0)","void add_tensor_kernel_v3<int=2, float, float, int=128, int=1, int=1, int=4, int=2>(cudnnTensorStruct, float*, cudnnTensorStruct, float const *, float, float, int, int, int)",1,"ipc","Executed IPC",3.956146,3.956146,3.956146
"NVIDIA Tegra X1 (0)","void add_tensor_kernel_v3<int=2, float, float, int=128, int=1, int=1, int=4, int=2>(cudnnTensorStruct, float*, cudnnTensorStruct, float const *, float, float, int, int, int)",1,"l2_read_throughput","L2 Throughput (Reads)",2.192944GB/s,2.192944GB/s,2.192944GB/s
"NVIDIA Tegra X1 (0)","void add_tensor_kernel_v3<int=2, float, float, int=128, int=1, int=1, int=4, int=2>(cudnnTensorStruct, float*, cudnnTensorStruct, float const *, float, float, int, int, int)",1,"l2_write_throughput","L2 Throughput (Writes)",1.409817GB/s,1.409817GB/s,1.409817GB/s
"NVIDIA Tegra X1 (0)","void add_tensor_kernel_v3<int=2, float, float, int=128, int=1, int=1, int=4, int=2>(cudnnTensorStruct, float*, cudnnTensorStruct, float const *, float, float, int, int, int)",1,"sm_efficiency","Multiprocessor Activity",99.859504%,99.859504%,99.859504%
"NVIDIA Tegra X1 (0)","void add_tensor_kernel_v3<int=2, float, float, int=128, int=1, int=1, int=4, int=2>(cudnnTensorStruct, float*, cudnnTensorStruct, float const *, float, float, int, int, int)",1,"flop_count_dp","Floating Point Operations(Double Precision)",0,0,0
"NVIDIA Tegra X1 (0)","void add_tensor_kernel_v3<int=2, float, float, int=128, int=1, int=1, int=4, int=2>(cudnnTensorStruct, float*, cudnnTensorStruct, float const *, float, float, int, int, int)",1,"flop_count_dp_add","Floating Point Operations(Double Precision Add)",0,0,0
"NVIDIA Tegra X1 (0)","void add_tensor_kernel_v3<int=2, float, float, int=128, int=1, int=1, int=4, int=2>(cudnnTensorStruct, float*, cudnnTensorStruct, float const *, float, float, int, int, int)",1,"flop_count_dp_fma","Floating Point Operations(Double Precision FMA)",0,0,0
"NVIDIA Tegra X1 (0)","void add_tensor_kernel_v3<int=2, float, float, int=128, int=1, int=1, int=4, int=2>(cudnnTensorStruct, float*, cudnnTensorStruct, float const *, float, float, int, int, int)",1,"flop_count_dp_mul","Floating Point Operations(Double Precision Mul)",0,0,0
"NVIDIA Tegra X1 (0)","void add_tensor_kernel_v3<int=2, float, float, int=128, int=1, int=1, int=4, int=2>(cudnnTensorStruct, float*, cudnnTensorStruct, float const *, float, float, int, int, int)",1,"flop_count_hp","Floating Point Operations(Half Precision)",0,0,0
"NVIDIA Tegra X1 (0)","void add_tensor_kernel_v3<int=2, float, float, int=128, int=1, int=1, int=4, int=2>(cudnnTensorStruct, float*, cudnnTensorStruct, float const *, float, float, int, int, int)",1,"flop_count_hp_add","Floating Point Operations(Half Precision Add)",0,0,0
"NVIDIA Tegra X1 (0)","void add_tensor_kernel_v3<int=2, float, float, int=128, int=1, int=1, int=4, int=2>(cudnnTensorStruct, float*, cudnnTensorStruct, float const *, float, float, int, int, int)",1,"flop_count_hp_fma","Floating Point Operations(Half Precision FMA)",0,0,0
"NVIDIA Tegra X1 (0)","void add_tensor_kernel_v3<int=2, float, float, int=128, int=1, int=1, int=4, int=2>(cudnnTensorStruct, float*, cudnnTensorStruct, float const *, float, float, int, int, int)",1,"flop_count_hp_mul","Floating Point Operation(Half Precision Mul)",0,0,0
"NVIDIA Tegra X1 (0)","void add_tensor_kernel_v3<int=2, float, float, int=128, int=1, int=1, int=4, int=2>(cudnnTensorStruct, float*, cudnnTensorStruct, float const *, float, float, int, int, int)",1,"flop_count_sp","Floating Point Operations(Single Precision)",1474560,1474560,1474560
"NVIDIA Tegra X1 (0)","void add_tensor_kernel_v3<int=2, float, float, int=128, int=1, int=1, int=4, int=2>(cudnnTensorStruct, float*, cudnnTensorStruct, float const *, float, float, int, int, int)",1,"flop_count_sp_add","Floating Point Operations(Single Precision Add)",0,0,0
"NVIDIA Tegra X1 (0)","void add_tensor_kernel_v3<int=2, float, float, int=128, int=1, int=1, int=4, int=2>(cudnnTensorStruct, float*, cudnnTensorStruct, float const *, float, float, int, int, int)",1,"flop_count_sp_fma","Floating Point Operations(Single Precision FMA)",491520,491520,491520
"NVIDIA Tegra X1 (0)","void add_tensor_kernel_v3<int=2, float, float, int=128, int=1, int=1, int=4, int=2>(cudnnTensorStruct, float*, cudnnTensorStruct, float const *, float, float, int, int, int)",1,"flop_count_sp_mul","Floating Point Operation(Single Precision Mul)",491520,491520,491520
"NVIDIA Tegra X1 (0)","void add_tensor_kernel_v3<int=2, float, float, int=128, int=1, int=1, int=4, int=2>(cudnnTensorStruct, float*, cudnnTensorStruct, float const *, float, float, int, int, int)",1,"flop_count_sp_special","Floating Point Operations(Single Precision Special)",2949120,2949120,2949120
"NVIDIA Tegra X1 (0)","void add_tensor_kernel_v3<int=2, float, float, int=128, int=1, int=1, int=4, int=2>(cudnnTensorStruct, float*, cudnnTensorStruct, float const *, float, float, int, int, int)",1,"flop_dp_efficiency","FLOP Efficiency(Peak Double)",0.000000%,0.000000%,0.000000%
"NVIDIA Tegra X1 (0)","void add_tensor_kernel_v3<int=2, float, float, int=128, int=1, int=1, int=4, int=2>(cudnnTensorStruct, float*, cudnnTensorStruct, float const *, float, float, int, int, int)",1,"flop_hp_efficiency","FLOP Efficiency(Peak Half)",0.000000%,0.000000%,0.000000%
"NVIDIA Tegra X1 (0)","void add_tensor_kernel_v3<int=2, float, float, int=128, int=1, int=1, int=4, int=2>(cudnnTensorStruct, float*, cudnnTensorStruct, float const *, float, float, int, int, int)",1,"flop_sp_efficiency","FLOP Efficiency(Peak Single)",0.482564%,0.482564%,0.482564%
