==3233== NVPROF is profiling process 3233, command: python TorchDCNNFull.py mnist 1 1
==3233== Some kernel(s) will be replayed on device 0 in order to collect all events/metrics.
==3233== Profiling application: python TorchDCNNFull.py mnist 1 1
==3233== Profiling result:
==3233== Metric result:
"Device","Kernel","Invocations","Metric Name","Metric Description","Min","Max","Avg"
"NVIDIA Tegra X1 (0)","_ZN83_GLOBAL__N__59_tmpxft_00000286_00000000_8_Distributions_compute_72_cpp1_ii_c3aa7ee643distribution_elementwise_grid_stride_kernelIfLi4EZZZN2at6native18normal_kernel_cudaERNS1_14TensorIteratorEddPNS1_9GeneratorEENKUlvE_clEvENKUlvE0_clEvEUlP24curandStatePhilox4_32_10E0_ZNS_27distribution_nullary_kernelIffLi4ESB_ZZZNS2_18normal_kernel_cudaES4_ddS6_ENKS7_clEvENKS8_clEvEUlfE_EEvS4_PNS1_13CUDAGeneratorERKT2_T3_EUlifE_EEviSt4pairImmET1_SG_",1,"achieved_occupancy","Achieved Occupancy",0.450130,0.450130,0.450130
"NVIDIA Tegra X1 (0)","_ZN83_GLOBAL__N__59_tmpxft_00000286_00000000_8_Distributions_compute_72_cpp1_ii_c3aa7ee643distribution_elementwise_grid_stride_kernelIfLi4EZZZN2at6native18normal_kernel_cudaERNS1_14TensorIteratorEddPNS1_9GeneratorEENKUlvE_clEvENKUlvE0_clEvEUlP24curandStatePhilox4_32_10E0_ZNS_27distribution_nullary_kernelIffLi4ESB_ZZZNS2_18normal_kernel_cudaES4_ddS6_ENKS7_clEvENKS8_clEvEUlfE_EEvS4_PNS1_13CUDAGeneratorERKT2_T3_EUlifE_EEviSt4pairImmET1_SG_",1,"ipc","Executed IPC",3.451161,3.451161,3.451161
"NVIDIA Tegra X1 (0)","_ZN83_GLOBAL__N__59_tmpxft_00000286_00000000_8_Distributions_compute_72_cpp1_ii_c3aa7ee643distribution_elementwise_grid_stride_kernelIfLi4EZZZN2at6native18normal_kernel_cudaERNS1_14TensorIteratorEddPNS1_9GeneratorEENKUlvE_clEvENKUlvE0_clEvEUlP24curandStatePhilox4_32_10E0_ZNS_27distribution_nullary_kernelIffLi4ESB_ZZZNS2_18normal_kernel_cudaES4_ddS6_ENKS7_clEvENKS8_clEvEUlfE_EEvS4_PNS1_13CUDAGeneratorERKT2_T3_EUlifE_EEviSt4pairImmET1_SG_",1,"l2_read_throughput","L2 Throughput (Reads)",131.457205MB/s,131.457205MB/s,131.457191MB/s
"NVIDIA Tegra X1 (0)","_ZN83_GLOBAL__N__59_tmpxft_00000286_00000000_8_Distributions_compute_72_cpp1_ii_c3aa7ee643distribution_elementwise_grid_stride_kernelIfLi4EZZZN2at6native18normal_kernel_cudaERNS1_14TensorIteratorEddPNS1_9GeneratorEENKUlvE_clEvENKUlvE0_clEvEUlP24curandStatePhilox4_32_10E0_ZNS_27distribution_nullary_kernelIffLi4ESB_ZZZNS2_18normal_kernel_cudaES4_ddS6_ENKS7_clEvENKS8_clEvEUlfE_EEvS4_PNS1_13CUDAGeneratorERKT2_T3_EUlifE_EEviSt4pairImmET1_SG_",1,"l2_write_throughput","L2 Throughput (Writes)",280.724741MB/s,280.724741MB/s,280.724728MB/s
"NVIDIA Tegra X1 (0)","_ZN83_GLOBAL__N__59_tmpxft_00000286_00000000_8_Distributions_compute_72_cpp1_ii_c3aa7ee643distribution_elementwise_grid_stride_kernelIfLi4EZZZN2at6native18normal_kernel_cudaERNS1_14TensorIteratorEddPNS1_9GeneratorEENKUlvE_clEvENKUlvE0_clEvEUlP24curandStatePhilox4_32_10E0_ZNS_27distribution_nullary_kernelIffLi4ESB_ZZZNS2_18normal_kernel_cudaES4_ddS6_ENKS7_clEvENKS8_clEvEUlfE_EEvS4_PNS1_13CUDAGeneratorERKT2_T3_EUlifE_EEviSt4pairImmET1_SG_",1,"sm_efficiency","Multiprocessor Activity",86.929686%,86.929686%,86.929686%
"NVIDIA Tegra X1 (0)","_ZN83_GLOBAL__N__59_tmpxft_00000286_00000000_8_Distributions_compute_72_cpp1_ii_c3aa7ee643distribution_elementwise_grid_stride_kernelIfLi4EZZZN2at6native18normal_kernel_cudaERNS1_14TensorIteratorEddPNS1_9GeneratorEENKUlvE_clEvENKUlvE0_clEvEUlP24curandStatePhilox4_32_10E0_ZNS_27distribution_nullary_kernelIffLi4ESB_ZZZNS2_18normal_kernel_cudaES4_ddS6_ENKS7_clEvENKS8_clEvEUlfE_EEvS4_PNS1_13CUDAGeneratorERKT2_T3_EUlifE_EEviSt4pairImmET1_SG_",1,"flop_count_dp","Floating Point Operations(Double Precision)",0,0,0
"NVIDIA Tegra X1 (0)","_ZN83_GLOBAL__N__59_tmpxft_00000286_00000000_8_Distributions_compute_72_cpp1_ii_c3aa7ee643distribution_elementwise_grid_stride_kernelIfLi4EZZZN2at6native18normal_kernel_cudaERNS1_14TensorIteratorEddPNS1_9GeneratorEENKUlvE_clEvENKUlvE0_clEvEUlP24curandStatePhilox4_32_10E0_ZNS_27distribution_nullary_kernelIffLi4ESB_ZZZNS2_18normal_kernel_cudaES4_ddS6_ENKS7_clEvENKS8_clEvEUlfE_EEvS4_PNS1_13CUDAGeneratorERKT2_T3_EUlifE_EEviSt4pairImmET1_SG_",1,"flop_count_dp_add","Floating Point Operations(Double Precision Add)",0,0,0
"NVIDIA Tegra X1 (0)","_ZN83_GLOBAL__N__59_tmpxft_00000286_00000000_8_Distributions_compute_72_cpp1_ii_c3aa7ee643distribution_elementwise_grid_stride_kernelIfLi4EZZZN2at6native18normal_kernel_cudaERNS1_14TensorIteratorEddPNS1_9GeneratorEENKUlvE_clEvENKUlvE0_clEvEUlP24curandStatePhilox4_32_10E0_ZNS_27distribution_nullary_kernelIffLi4ESB_ZZZNS2_18normal_kernel_cudaES4_ddS6_ENKS7_clEvENKS8_clEvEUlfE_EEvS4_PNS1_13CUDAGeneratorERKT2_T3_EUlifE_EEviSt4pairImmET1_SG_",1,"flop_count_dp_fma","Floating Point Operations(Double Precision FMA)",0,0,0
"NVIDIA Tegra X1 (0)","_ZN83_GLOBAL__N__59_tmpxft_00000286_00000000_8_Distributions_compute_72_cpp1_ii_c3aa7ee643distribution_elementwise_grid_stride_kernelIfLi4EZZZN2at6native18normal_kernel_cudaERNS1_14TensorIteratorEddPNS1_9GeneratorEENKUlvE_clEvENKUlvE0_clEvEUlP24curandStatePhilox4_32_10E0_ZNS_27distribution_nullary_kernelIffLi4ESB_ZZZNS2_18normal_kernel_cudaES4_ddS6_ENKS7_clEvENKS8_clEvEUlfE_EEvS4_PNS1_13CUDAGeneratorERKT2_T3_EUlifE_EEviSt4pairImmET1_SG_",1,"flop_count_dp_mul","Floating Point Operations(Double Precision Mul)",0,0,0
"NVIDIA Tegra X1 (0)","_ZN83_GLOBAL__N__59_tmpxft_00000286_00000000_8_Distributions_compute_72_cpp1_ii_c3aa7ee643distribution_elementwise_grid_stride_kernelIfLi4EZZZN2at6native18normal_kernel_cudaERNS1_14TensorIteratorEddPNS1_9GeneratorEENKUlvE_clEvENKUlvE0_clEvEUlP24curandStatePhilox4_32_10E0_ZNS_27distribution_nullary_kernelIffLi4ESB_ZZZNS2_18normal_kernel_cudaES4_ddS6_ENKS7_clEvENKS8_clEvEUlfE_EEvS4_PNS1_13CUDAGeneratorERKT2_T3_EUlifE_EEviSt4pairImmET1_SG_",1,"flop_count_hp","Floating Point Operations(Half Precision)",0,0,0
"NVIDIA Tegra X1 (0)","_ZN83_GLOBAL__N__59_tmpxft_00000286_00000000_8_Distributions_compute_72_cpp1_ii_c3aa7ee643distribution_elementwise_grid_stride_kernelIfLi4EZZZN2at6native18normal_kernel_cudaERNS1_14TensorIteratorEddPNS1_9GeneratorEENKUlvE_clEvENKUlvE0_clEvEUlP24curandStatePhilox4_32_10E0_ZNS_27distribution_nullary_kernelIffLi4ESB_ZZZNS2_18normal_kernel_cudaES4_ddS6_ENKS7_clEvENKS8_clEvEUlfE_EEvS4_PNS1_13CUDAGeneratorERKT2_T3_EUlifE_EEviSt4pairImmET1_SG_",1,"flop_count_hp_add","Floating Point Operations(Half Precision Add)",0,0,0
"NVIDIA Tegra X1 (0)","_ZN83_GLOBAL__N__59_tmpxft_00000286_00000000_8_Distributions_compute_72_cpp1_ii_c3aa7ee643distribution_elementwise_grid_stride_kernelIfLi4EZZZN2at6native18normal_kernel_cudaERNS1_14TensorIteratorEddPNS1_9GeneratorEENKUlvE_clEvENKUlvE0_clEvEUlP24curandStatePhilox4_32_10E0_ZNS_27distribution_nullary_kernelIffLi4ESB_ZZZNS2_18normal_kernel_cudaES4_ddS6_ENKS7_clEvENKS8_clEvEUlfE_EEvS4_PNS1_13CUDAGeneratorERKT2_T3_EUlifE_EEviSt4pairImmET1_SG_",1,"flop_count_hp_fma","Floating Point Operations(Half Precision FMA)",0,0,0
"NVIDIA Tegra X1 (0)","_ZN83_GLOBAL__N__59_tmpxft_00000286_00000000_8_Distributions_compute_72_cpp1_ii_c3aa7ee643distribution_elementwise_grid_stride_kernelIfLi4EZZZN2at6native18normal_kernel_cudaERNS1_14TensorIteratorEddPNS1_9GeneratorEENKUlvE_clEvENKUlvE0_clEvEUlP24curandStatePhilox4_32_10E0_ZNS_27distribution_nullary_kernelIffLi4ESB_ZZZNS2_18normal_kernel_cudaES4_ddS6_ENKS7_clEvENKS8_clEvEUlfE_EEvS4_PNS1_13CUDAGeneratorERKT2_T3_EUlifE_EEviSt4pairImmET1_SG_",1,"flop_count_hp_mul","Floating Point Operation(Half Precision Mul)",0,0,0
"NVIDIA Tegra X1 (0)","_ZN83_GLOBAL__N__59_tmpxft_00000286_00000000_8_Distributions_compute_72_cpp1_ii_c3aa7ee643distribution_elementwise_grid_stride_kernelIfLi4EZZZN2at6native18normal_kernel_cudaERNS1_14TensorIteratorEddPNS1_9GeneratorEENKUlvE_clEvENKUlvE0_clEvEUlP24curandStatePhilox4_32_10E0_ZNS_27distribution_nullary_kernelIffLi4ESB_ZZZNS2_18normal_kernel_cudaES4_ddS6_ENKS7_clEvENKS8_clEvEUlfE_EEvS4_PNS1_13CUDAGeneratorERKT2_T3_EUlifE_EEviSt4pairImmET1_SG_",1,"flop_count_sp","Floating Point Operations(Single Precision)",165888,165888,165888
"NVIDIA Tegra X1 (0)","_ZN83_GLOBAL__N__59_tmpxft_00000286_00000000_8_Distributions_compute_72_cpp1_ii_c3aa7ee643distribution_elementwise_grid_stride_kernelIfLi4EZZZN2at6native18normal_kernel_cudaERNS1_14TensorIteratorEddPNS1_9GeneratorEENKUlvE_clEvENKUlvE0_clEvEUlP24curandStatePhilox4_32_10E0_ZNS_27distribution_nullary_kernelIffLi4ESB_ZZZNS2_18normal_kernel_cudaES4_ddS6_ENKS7_clEvENKS8_clEvEUlfE_EEvS4_PNS1_13CUDAGeneratorERKT2_T3_EUlifE_EEviSt4pairImmET1_SG_",1,"flop_count_sp_add","Floating Point Operations(Single Precision Add)",8192,8192,8192
"NVIDIA Tegra X1 (0)","_ZN83_GLOBAL__N__59_tmpxft_00000286_00000000_8_Distributions_compute_72_cpp1_ii_c3aa7ee643distribution_elementwise_grid_stride_kernelIfLi4EZZZN2at6native18normal_kernel_cudaERNS1_14TensorIteratorEddPNS1_9GeneratorEENKUlvE_clEvENKUlvE0_clEvEUlP24curandStatePhilox4_32_10E0_ZNS_27distribution_nullary_kernelIffLi4ESB_ZZZNS2_18normal_kernel_cudaES4_ddS6_ENKS7_clEvENKS8_clEvEUlfE_EEvS4_PNS1_13CUDAGeneratorERKT2_T3_EUlifE_EEviSt4pairImmET1_SG_",1,"flop_count_sp_fma","Floating Point Operations(Single Precision FMA)",66560,66560,66560
"NVIDIA Tegra X1 (0)","_ZN83_GLOBAL__N__59_tmpxft_00000286_00000000_8_Distributions_compute_72_cpp1_ii_c3aa7ee643distribution_elementwise_grid_stride_kernelIfLi4EZZZN2at6native18normal_kernel_cudaERNS1_14TensorIteratorEddPNS1_9GeneratorEENKUlvE_clEvENKUlvE0_clEvEUlP24curandStatePhilox4_32_10E0_ZNS_27distribution_nullary_kernelIffLi4ESB_ZZZNS2_18normal_kernel_cudaES4_ddS6_ENKS7_clEvENKS8_clEvEUlfE_EEvS4_PNS1_13CUDAGeneratorERKT2_T3_EUlifE_EEviSt4pairImmET1_SG_",1,"flop_count_sp_mul","Floating Point Operation(Single Precision Mul)",24576,24576,24576
"NVIDIA Tegra X1 (0)","_ZN83_GLOBAL__N__59_tmpxft_00000286_00000000_8_Distributions_compute_72_cpp1_ii_c3aa7ee643distribution_elementwise_grid_stride_kernelIfLi4EZZZN2at6native18normal_kernel_cudaERNS1_14TensorIteratorEddPNS1_9GeneratorEENKUlvE_clEvENKUlvE0_clEvEUlP24curandStatePhilox4_32_10E0_ZNS_27distribution_nullary_kernelIffLi4ESB_ZZZNS2_18normal_kernel_cudaES4_ddS6_ENKS7_clEvENKS8_clEvEUlfE_EEvS4_PNS1_13CUDAGeneratorERKT2_T3_EUlifE_EEviSt4pairImmET1_SG_",1,"flop_count_sp_special","Floating Point Operations(Single Precision Special)",14336,14336,14336
"NVIDIA Tegra X1 (0)","_ZN83_GLOBAL__N__59_tmpxft_00000286_00000000_8_Distributions_compute_72_cpp1_ii_c3aa7ee643distribution_elementwise_grid_stride_kernelIfLi4EZZZN2at6native18normal_kernel_cudaERNS1_14TensorIteratorEddPNS1_9GeneratorEENKUlvE_clEvENKUlvE0_clEvEUlP24curandStatePhilox4_32_10E0_ZNS_27distribution_nullary_kernelIffLi4ESB_ZZZNS2_18normal_kernel_cudaES4_ddS6_ENKS7_clEvENKS8_clEvEUlfE_EEvS4_PNS1_13CUDAGeneratorERKT2_T3_EUlifE_EEviSt4pairImmET1_SG_",1,"flop_dp_efficiency","FLOP Efficiency(Peak Double)",0.000000%,0.000000%,0.000000%
"NVIDIA Tegra X1 (0)","_ZN83_GLOBAL__N__59_tmpxft_00000286_00000000_8_Distributions_compute_72_cpp1_ii_c3aa7ee643distribution_elementwise_grid_stride_kernelIfLi4EZZZN2at6native18normal_kernel_cudaERNS1_14TensorIteratorEddPNS1_9GeneratorEENKUlvE_clEvENKUlvE0_clEvEUlP24curandStatePhilox4_32_10E0_ZNS_27distribution_nullary_kernelIffLi4ESB_ZZZNS2_18normal_kernel_cudaES4_ddS6_ENKS7_clEvENKS8_clEvEUlfE_EEvS4_PNS1_13CUDAGeneratorERKT2_T3_EUlifE_EEviSt4pairImmET1_SG_",1,"flop_hp_efficiency","FLOP Efficiency(Peak Half)",0.000000%,0.000000%,0.000000%
"NVIDIA Tegra X1 (0)","_ZN83_GLOBAL__N__59_tmpxft_00000286_00000000_8_Distributions_compute_72_cpp1_ii_c3aa7ee643distribution_elementwise_grid_stride_kernelIfLi4EZZZN2at6native18normal_kernel_cudaERNS1_14TensorIteratorEddPNS1_9GeneratorEENKUlvE_clEvENKUlvE0_clEvEUlP24curandStatePhilox4_32_10E0_ZNS_27distribution_nullary_kernelIffLi4ESB_ZZZNS2_18normal_kernel_cudaES4_ddS6_ENKS7_clEvENKS8_clEvEUlfE_EEvS4_PNS1_13CUDAGeneratorERKT2_T3_EUlifE_EEviSt4pairImmET1_SG_",1,"flop_sp_efficiency","FLOP Efficiency(Peak Single)",5.404955%,5.404955%,5.404955%
"NVIDIA Tegra X1 (0)","void cudnn::detail::dgrad_engine<float, int=512, int=6, int=5, int=3, int=3, int=3, bool=1>(int, int, int, float const *, int, float const , int, cudnn::detail::dgrad_engine<float, int=512, int=6, int=5, int=3, int=3, int=3, bool=1>*, kernel_grad_params, int, int, float, int, int, int)",1,"achieved_occupancy","Achieved Occupancy",0.249454,0.249454,0.249454
"NVIDIA Tegra X1 (0)","void cudnn::detail::dgrad_engine<float, int=512, int=6, int=5, int=3, int=3, int=3, bool=1>(int, int, int, float const *, int, float const , int, cudnn::detail::dgrad_engine<float, int=512, int=6, int=5, int=3, int=3, int=3, bool=1>*, kernel_grad_params, int, int, float, int, int, int)",1,"ipc","Executed IPC",1.451039,1.451039,1.451039
"NVIDIA Tegra X1 (0)","void cudnn::detail::dgrad_engine<float, int=512, int=6, int=5, int=3, int=3, int=3, bool=1>(int, int, int, float const *, int, float const , int, cudnn::detail::dgrad_engine<float, int=512, int=6, int=5, int=3, int=3, int=3, bool=1>*, kernel_grad_params, int, int, float, int, int, int)",1,"l2_read_throughput","L2 Throughput (Reads)",751.312989MB/s,751.312989MB/s,751.312976MB/s
"NVIDIA Tegra X1 (0)","void cudnn::detail::dgrad_engine<float, int=512, int=6, int=5, int=3, int=3, int=3, bool=1>(int, int, int, float const *, int, float const , int, cudnn::detail::dgrad_engine<float, int=512, int=6, int=5, int=3, int=3, int=3, bool=1>*, kernel_grad_params, int, int, float, int, int, int)",1,"l2_write_throughput","L2 Throughput (Writes)",116.684363MB/s,116.684363MB/s,116.684350MB/s
"NVIDIA Tegra X1 (0)","void cudnn::detail::dgrad_engine<float, int=512, int=6, int=5, int=3, int=3, int=3, bool=1>(int, int, int, float const *, int, float const , int, cudnn::detail::dgrad_engine<float, int=512, int=6, int=5, int=3, int=3, int=3, bool=1>*, kernel_grad_params, int, int, float, int, int, int)",1,"sm_efficiency","Multiprocessor Activity",90.150358%,90.150358%,90.150358%
"NVIDIA Tegra X1 (0)","void cudnn::detail::dgrad_engine<float, int=512, int=6, int=5, int=3, int=3, int=3, bool=1>(int, int, int, float const *, int, float const , int, cudnn::detail::dgrad_engine<float, int=512, int=6, int=5, int=3, int=3, int=3, bool=1>*, kernel_grad_params, int, int, float, int, int, int)",1,"flop_count_dp","Floating Point Operations(Double Precision)",0,0,0
"NVIDIA Tegra X1 (0)","void cudnn::detail::dgrad_engine<float, int=512, int=6, int=5, int=3, int=3, int=3, bool=1>(int, int, int, float const *, int, float const , int, cudnn::detail::dgrad_engine<float, int=512, int=6, int=5, int=3, int=3, int=3, bool=1>*, kernel_grad_params, int, int, float, int, int, int)",1,"flop_count_dp_add","Floating Point Operations(Double Precision Add)",0,0,0
"NVIDIA Tegra X1 (0)","void cudnn::detail::dgrad_engine<float, int=512, int=6, int=5, int=3, int=3, int=3, bool=1>(int, int, int, float const *, int, float const , int, cudnn::detail::dgrad_engine<float, int=512, int=6, int=5, int=3, int=3, int=3, bool=1>*, kernel_grad_params, int, int, float, int, int, int)",1,"flop_count_dp_fma","Floating Point Operations(Double Precision FMA)",0,0,0
"NVIDIA Tegra X1 (0)","void cudnn::detail::dgrad_engine<float, int=512, int=6, int=5, int=3, int=3, int=3, bool=1>(int, int, int, float const *, int, float const , int, cudnn::detail::dgrad_engine<float, int=512, int=6, int=5, int=3, int=3, int=3, bool=1>*, kernel_grad_params, int, int, float, int, int, int)",1,"flop_count_dp_mul","Floating Point Operations(Double Precision Mul)",0,0,0
"NVIDIA Tegra X1 (0)","void cudnn::detail::dgrad_engine<float, int=512, int=6, int=5, int=3, int=3, int=3, bool=1>(int, int, int, float const *, int, float const , int, cudnn::detail::dgrad_engine<float, int=512, int=6, int=5, int=3, int=3, int=3, bool=1>*, kernel_grad_params, int, int, float, int, int, int)",1,"flop_count_hp","Floating Point Operations(Half Precision)",0,0,0
"NVIDIA Tegra X1 (0)","void cudnn::detail::dgrad_engine<float, int=512, int=6, int=5, int=3, int=3, int=3, bool=1>(int, int, int, float const *, int, float const , int, cudnn::detail::dgrad_engine<float, int=512, int=6, int=5, int=3, int=3, int=3, bool=1>*, kernel_grad_params, int, int, float, int, int, int)",1,"flop_count_hp_add","Floating Point Operations(Half Precision Add)",0,0,0
"NVIDIA Tegra X1 (0)","void cudnn::detail::dgrad_engine<float, int=512, int=6, int=5, int=3, int=3, int=3, bool=1>(int, int, int, float const *, int, float const , int, cudnn::detail::dgrad_engine<float, int=512, int=6, int=5, int=3, int=3, int=3, bool=1>*, kernel_grad_params, int, int, float, int, int, int)",1,"flop_count_hp_fma","Floating Point Operations(Half Precision FMA)",0,0,0
"NVIDIA Tegra X1 (0)","void cudnn::detail::dgrad_engine<float, int=512, int=6, int=5, int=3, int=3, int=3, bool=1>(int, int, int, float const *, int, float const , int, cudnn::detail::dgrad_engine<float, int=512, int=6, int=5, int=3, int=3, int=3, bool=1>*, kernel_grad_params, int, int, float, int, int, int)",1,"flop_count_hp_mul","Floating Point Operation(Half Precision Mul)",0,0,0
"NVIDIA Tegra X1 (0)","void cudnn::detail::dgrad_engine<float, int=512, int=6, int=5, int=3, int=3, int=3, bool=1>(int, int, int, float const *, int, float const , int, cudnn::detail::dgrad_engine<float, int=512, int=6, int=5, int=3, int=3, int=3, bool=1>*, kernel_grad_params, int, int, float, int, int, int)",1,"flop_count_sp","Floating Point Operations(Single Precision)",524800,524800,524800
"NVIDIA Tegra X1 (0)","void cudnn::detail::dgrad_engine<float, int=512, int=6, int=5, int=3, int=3, int=3, bool=1>(int, int, int, float const *, int, float const , int, cudnn::detail::dgrad_engine<float, int=512, int=6, int=5, int=3, int=3, int=3, bool=1>*, kernel_grad_params, int, int, float, int, int, int)",1,"flop_count_sp_add","Floating Point Operations(Single Precision Add)",0,0,0
"NVIDIA Tegra X1 (0)","void cudnn::detail::dgrad_engine<float, int=512, int=6, int=5, int=3, int=3, int=3, bool=1>(int, int, int, float const *, int, float const , int, cudnn::detail::dgrad_engine<float, int=512, int=6, int=5, int=3, int=3, int=3, bool=1>*, kernel_grad_params, int, int, float, int, int, int)",1,"flop_count_sp_fma","Floating Point Operations(Single Precision FMA)",262144,262144,262144
"NVIDIA Tegra X1 (0)","void cudnn::detail::dgrad_engine<float, int=512, int=6, int=5, int=3, int=3, int=3, bool=1>(int, int, int, float const *, int, float const , int, cudnn::detail::dgrad_engine<float, int=512, int=6, int=5, int=3, int=3, int=3, bool=1>*, kernel_grad_params, int, int, float, int, int, int)",1,"flop_count_sp_mul","Floating Point Operation(Single Precision Mul)",512,512,512
"NVIDIA Tegra X1 (0)","void cudnn::detail::dgrad_engine<float, int=512, int=6, int=5, int=3, int=3, int=3, bool=1>(int, int, int, float const *, int, float const , int, cudnn::detail::dgrad_engine<float, int=512, int=6, int=5, int=3, int=3, int=3, bool=1>*, kernel_grad_params, int, int, float, int, int, int)",1,"flop_count_sp_special","Floating Point Operations(Single Precision Special)",0,0,0
"NVIDIA Tegra X1 (0)","void cudnn::detail::dgrad_engine<float, int=512, int=6, int=5, int=3, int=3, int=3, bool=1>(int, int, int, float const *, int, float const , int, cudnn::detail::dgrad_engine<float, int=512, int=6, int=5, int=3, int=3, int=3, bool=1>*, kernel_grad_params, int, int, float, int, int, int)",1,"flop_dp_efficiency","FLOP Efficiency(Peak Double)",0.000000%,0.000000%,0.000000%
"NVIDIA Tegra X1 (0)","void cudnn::detail::dgrad_engine<float, int=512, int=6, int=5, int=3, int=3, int=3, bool=1>(int, int, int, float const *, int, float const , int, cudnn::detail::dgrad_engine<float, int=512, int=6, int=5, int=3, int=3, int=3, bool=1>*, kernel_grad_params, int, int, float, int, int, int)",1,"flop_hp_efficiency","FLOP Efficiency(Peak Half)",0.000000%,0.000000%,0.000000%
"NVIDIA Tegra X1 (0)","void cudnn::detail::dgrad_engine<float, int=512, int=6, int=5, int=3, int=3, int=3, bool=1>(int, int, int, float const *, int, float const , int, cudnn::detail::dgrad_engine<float, int=512, int=6, int=5, int=3, int=3, int=3, bool=1>*, kernel_grad_params, int, int, float, int, int, int)",1,"flop_sp_efficiency","FLOP Efficiency(Peak Single)",12.040409%,12.040409%,12.040409%
"NVIDIA Tegra X1 (0)","void scalePackedTensor_kernel<float, float>(cudnnTensor4dStruct, float*, float)",1,"achieved_occupancy","Achieved Occupancy",0.237644,0.237644,0.237644
"NVIDIA Tegra X1 (0)","void scalePackedTensor_kernel<float, float>(cudnnTensor4dStruct, float*, float)",1,"ipc","Executed IPC",0.600289,0.600289,0.600289
"NVIDIA Tegra X1 (0)","void scalePackedTensor_kernel<float, float>(cudnnTensor4dStruct, float*, float)",1,"l2_read_throughput","L2 Throughput (Reads)",130.907933MB/s,130.907933MB/s,130.907850MB/s
"NVIDIA Tegra X1 (0)","void scalePackedTensor_kernel<float, float>(cudnnTensor4dStruct, float*, float)",1,"l2_write_throughput","L2 Throughput (Writes)",187.011333MB/s,187.011333MB/s,187.011250MB/s
"NVIDIA Tegra X1 (0)","void scalePackedTensor_kernel<float, float>(cudnnTensor4dStruct, float*, float)",1,"sm_efficiency","Multiprocessor Activity",30.488341%,30.488341%,30.488341%
"NVIDIA Tegra X1 (0)","void scalePackedTensor_kernel<float, float>(cudnnTensor4dStruct, float*, float)",1,"flop_count_dp","Floating Point Operations(Double Precision)",0,0,0
"NVIDIA Tegra X1 (0)","void scalePackedTensor_kernel<float, float>(cudnnTensor4dStruct, float*, float)",1,"flop_count_dp_add","Floating Point Operations(Double Precision Add)",0,0,0
"NVIDIA Tegra X1 (0)","void scalePackedTensor_kernel<float, float>(cudnnTensor4dStruct, float*, float)",1,"flop_count_dp_fma","Floating Point Operations(Double Precision FMA)",0,0,0
"NVIDIA Tegra X1 (0)","void scalePackedTensor_kernel<float, float>(cudnnTensor4dStruct, float*, float)",1,"flop_count_dp_mul","Floating Point Operations(Double Precision Mul)",0,0,0
"NVIDIA Tegra X1 (0)","void scalePackedTensor_kernel<float, float>(cudnnTensor4dStruct, float*, float)",1,"flop_count_hp","Floating Point Operations(Half Precision)",0,0,0
"NVIDIA Tegra X1 (0)","void scalePackedTensor_kernel<float, float>(cudnnTensor4dStruct, float*, float)",1,"flop_count_hp_add","Floating Point Operations(Half Precision Add)",0,0,0
"NVIDIA Tegra X1 (0)","void scalePackedTensor_kernel<float, float>(cudnnTensor4dStruct, float*, float)",1,"flop_count_hp_fma","Floating Point Operations(Half Precision FMA)",0,0,0
"NVIDIA Tegra X1 (0)","void scalePackedTensor_kernel<float, float>(cudnnTensor4dStruct, float*, float)",1,"flop_count_hp_mul","Floating Point Operation(Half Precision Mul)",0,0,0
"NVIDIA Tegra X1 (0)","void scalePackedTensor_kernel<float, float>(cudnnTensor4dStruct, float*, float)",1,"flop_count_sp","Floating Point Operations(Single Precision)",0,0,0
"NVIDIA Tegra X1 (0)","void scalePackedTensor_kernel<float, float>(cudnnTensor4dStruct, float*, float)",1,"flop_count_sp_add","Floating Point Operations(Single Precision Add)",0,0,0
"NVIDIA Tegra X1 (0)","void scalePackedTensor_kernel<float, float>(cudnnTensor4dStruct, float*, float)",1,"flop_count_sp_fma","Floating Point Operations(Single Precision FMA)",0,0,0
"NVIDIA Tegra X1 (0)","void scalePackedTensor_kernel<float, float>(cudnnTensor4dStruct, float*, float)",1,"flop_count_sp_mul","Floating Point Operation(Single Precision Mul)",0,0,0
"NVIDIA Tegra X1 (0)","void scalePackedTensor_kernel<float, float>(cudnnTensor4dStruct, float*, float)",1,"flop_count_sp_special","Floating Point Operations(Single Precision Special)",0,0,0
"NVIDIA Tegra X1 (0)","void scalePackedTensor_kernel<float, float>(cudnnTensor4dStruct, float*, float)",1,"flop_dp_efficiency","FLOP Efficiency(Peak Double)",0.000000%,0.000000%,0.000000%
"NVIDIA Tegra X1 (0)","void scalePackedTensor_kernel<float, float>(cudnnTensor4dStruct, float*, float)",1,"flop_hp_efficiency","FLOP Efficiency(Peak Half)",0.000000%,0.000000%,0.000000%
"NVIDIA Tegra X1 (0)","void scalePackedTensor_kernel<float, float>(cudnnTensor4dStruct, float*, float)",1,"flop_sp_efficiency","FLOP Efficiency(Peak Single)",0.000000%,0.000000%,0.000000%
"NVIDIA Tegra X1 (0)","void add_tensor_kernel_v3<int=2, float, float, int=128, int=1, int=1, int=4, int=2>(cudnnTensorStruct, float*, cudnnTensorStruct, float const *, float, float, int, int, int)",1,"achieved_occupancy","Achieved Occupancy",0.776582,0.776582,0.776582
"NVIDIA Tegra X1 (0)","void add_tensor_kernel_v3<int=2, float, float, int=128, int=1, int=1, int=4, int=2>(cudnnTensorStruct, float*, cudnnTensorStruct, float const *, float, float, int, int, int)",1,"ipc","Executed IPC",3.250428,3.250428,3.250428
"NVIDIA Tegra X1 (0)","void add_tensor_kernel_v3<int=2, float, float, int=128, int=1, int=1, int=4, int=2>(cudnnTensorStruct, float*, cudnnTensorStruct, float const *, float, float, int, int, int)",1,"l2_read_throughput","L2 Throughput (Reads)",234.199844MB/s,234.199844MB/s,234.199824MB/s
"NVIDIA Tegra X1 (0)","void add_tensor_kernel_v3<int=2, float, float, int=128, int=1, int=1, int=4, int=2>(cudnnTensorStruct, float*, cudnnTensorStruct, float const *, float, float, int, int, int)",1,"l2_write_throughput","L2 Throughput (Writes)",57.546247MB/s,57.546247MB/s,57.546227MB/s
"NVIDIA Tegra X1 (0)","void add_tensor_kernel_v3<int=2, float, float, int=128, int=1, int=1, int=4, int=2>(cudnnTensorStruct, float*, cudnnTensorStruct, float const *, float, float, int, int, int)",1,"sm_efficiency","Multiprocessor Activity",78.531073%,78.531073%,78.531073%
"NVIDIA Tegra X1 (0)","void add_tensor_kernel_v3<int=2, float, float, int=128, int=1, int=1, int=4, int=2>(cudnnTensorStruct, float*, cudnnTensorStruct, float const *, float, float, int, int, int)",1,"flop_count_dp","Floating Point Operations(Double Precision)",0,0,0
"NVIDIA Tegra X1 (0)","void add_tensor_kernel_v3<int=2, float, float, int=128, int=1, int=1, int=4, int=2>(cudnnTensorStruct, float*, cudnnTensorStruct, float const *, float, float, int, int, int)",1,"flop_count_dp_add","Floating Point Operations(Double Precision Add)",0,0,0
"NVIDIA Tegra X1 (0)","void add_tensor_kernel_v3<int=2, float, float, int=128, int=1, int=1, int=4, int=2>(cudnnTensorStruct, float*, cudnnTensorStruct, float const *, float, float, int, int, int)",1,"flop_count_dp_fma","Floating Point Operations(Double Precision FMA)",0,0,0
"NVIDIA Tegra X1 (0)","void add_tensor_kernel_v3<int=2, float, float, int=128, int=1, int=1, int=4, int=2>(cudnnTensorStruct, float*, cudnnTensorStruct, float const *, float, float, int, int, int)",1,"flop_count_dp_mul","Floating Point Operations(Double Precision Mul)",0,0,0
"NVIDIA Tegra X1 (0)","void add_tensor_kernel_v3<int=2, float, float, int=128, int=1, int=1, int=4, int=2>(cudnnTensorStruct, float*, cudnnTensorStruct, float const *, float, float, int, int, int)",1,"flop_count_hp","Floating Point Operations(Half Precision)",0,0,0
"NVIDIA Tegra X1 (0)","void add_tensor_kernel_v3<int=2, float, float, int=128, int=1, int=1, int=4, int=2>(cudnnTensorStruct, float*, cudnnTensorStruct, float const *, float, float, int, int, int)",1,"flop_count_hp_add","Floating Point Operations(Half Precision Add)",0,0,0
"NVIDIA Tegra X1 (0)","void add_tensor_kernel_v3<int=2, float, float, int=128, int=1, int=1, int=4, int=2>(cudnnTensorStruct, float*, cudnnTensorStruct, float const *, float, float, int, int, int)",1,"flop_count_hp_fma","Floating Point Operations(Half Precision FMA)",0,0,0
"NVIDIA Tegra X1 (0)","void add_tensor_kernel_v3<int=2, float, float, int=128, int=1, int=1, int=4, int=2>(cudnnTensorStruct, float*, cudnnTensorStruct, float const *, float, float, int, int, int)",1,"flop_count_hp_mul","Floating Point Operation(Half Precision Mul)",0,0,0
"NVIDIA Tegra X1 (0)","void add_tensor_kernel_v3<int=2, float, float, int=128, int=1, int=1, int=4, int=2>(cudnnTensorStruct, float*, cudnnTensorStruct, float const *, float, float, int, int, int)",1,"flop_count_sp","Floating Point Operations(Single Precision)",1536,1536,1536
"NVIDIA Tegra X1 (0)","void add_tensor_kernel_v3<int=2, float, float, int=128, int=1, int=1, int=4, int=2>(cudnnTensorStruct, float*, cudnnTensorStruct, float const *, float, float, int, int, int)",1,"flop_count_sp_add","Floating Point Operations(Single Precision Add)",0,0,0
"NVIDIA Tegra X1 (0)","void add_tensor_kernel_v3<int=2, float, float, int=128, int=1, int=1, int=4, int=2>(cudnnTensorStruct, float*, cudnnTensorStruct, float const *, float, float, int, int, int)",1,"flop_count_sp_fma","Floating Point Operations(Single Precision FMA)",512,512,512
"NVIDIA Tegra X1 (0)","void add_tensor_kernel_v3<int=2, float, float, int=128, int=1, int=1, int=4, int=2>(cudnnTensorStruct, float*, cudnnTensorStruct, float const *, float, float, int, int, int)",1,"flop_count_sp_mul","Floating Point Operation(Single Precision Mul)",512,512,512
"NVIDIA Tegra X1 (0)","void add_tensor_kernel_v3<int=2, float, float, int=128, int=1, int=1, int=4, int=2>(cudnnTensorStruct, float*, cudnnTensorStruct, float const *, float, float, int, int, int)",1,"flop_count_sp_special","Floating Point Operations(Single Precision Special)",12288,12288,12288
"NVIDIA Tegra X1 (0)","void add_tensor_kernel_v3<int=2, float, float, int=128, int=1, int=1, int=4, int=2>(cudnnTensorStruct, float*, cudnnTensorStruct, float const *, float, float, int, int, int)",1,"flop_dp_efficiency","FLOP Efficiency(Peak Double)",0.000000%,0.000000%,0.000000%
"NVIDIA Tegra X1 (0)","void add_tensor_kernel_v3<int=2, float, float, int=128, int=1, int=1, int=4, int=2>(cudnnTensorStruct, float*, cudnnTensorStruct, float const *, float, float, int, int, int)",1,"flop_hp_efficiency","FLOP Efficiency(Peak Half)",0.000000%,0.000000%,0.000000%
"NVIDIA Tegra X1 (0)","void add_tensor_kernel_v3<int=2, float, float, int=128, int=1, int=1, int=4, int=2>(cudnnTensorStruct, float*, cudnnTensorStruct, float const *, float, float, int, int, int)",1,"flop_sp_efficiency","FLOP Efficiency(Peak Single)",0.080710%,0.080710%,0.080710%
