==1756== NVPROF is profiling process 1756, command: python example.py
==1756== Some kernel(s) will be replayed on device 0 in order to collect all events/metrics.
==1756== Profiling application: python example.py
==1756== Profiling result:
==1756== Metric result:
"Device","Kernel","Invocations","Metric Name","Metric Description","Min","Max","Avg"
"NVIDIA Tegra X1 (0)","_ZN83_GLOBAL__N__59_tmpxft_00000286_00000000_8_Distributions_compute_72_cpp1_ii_c3aa7ee643distribution_elementwise_grid_stride_kernelIfLi4EZZZN2at6native18normal_kernel_cudaERNS1_14TensorIteratorEddPNS1_9GeneratorEENKUlvE_clEvENKUlvE0_clEvEUlP24curandStatePhilox4_32_10E0_ZNS_27distribution_nullary_kernelIffLi4ESB_ZZZNS2_18normal_kernel_cudaES4_ddS6_ENKS7_clEvENKS8_clEvEUlfE_EEvS4_PNS1_13CUDAGeneratorERKT2_T3_EUlifE_EEviSt4pairImmET1_SG_",1,"achieved_occupancy","Achieved Occupancy",0.403821,0.403821,0.403821
"NVIDIA Tegra X1 (0)","_ZN83_GLOBAL__N__59_tmpxft_00000286_00000000_8_Distributions_compute_72_cpp1_ii_c3aa7ee643distribution_elementwise_grid_stride_kernelIfLi4EZZZN2at6native18normal_kernel_cudaERNS1_14TensorIteratorEddPNS1_9GeneratorEENKUlvE_clEvENKUlvE0_clEvEUlP24curandStatePhilox4_32_10E0_ZNS_27distribution_nullary_kernelIffLi4ESB_ZZZNS2_18normal_kernel_cudaES4_ddS6_ENKS7_clEvENKS8_clEvEUlfE_EEvS4_PNS1_13CUDAGeneratorERKT2_T3_EUlifE_EEviSt4pairImmET1_SG_",1,"ipc","Executed IPC",3.479924,3.479924,3.479924
"NVIDIA Tegra X1 (0)","_ZN83_GLOBAL__N__59_tmpxft_00000286_00000000_8_Distributions_compute_72_cpp1_ii_c3aa7ee643distribution_elementwise_grid_stride_kernelIfLi4EZZZN2at6native18normal_kernel_cudaERNS1_14TensorIteratorEddPNS1_9GeneratorEENKUlvE_clEvENKUlvE0_clEvEUlP24curandStatePhilox4_32_10E0_ZNS_27distribution_nullary_kernelIffLi4ESB_ZZZNS2_18normal_kernel_cudaES4_ddS6_ENKS7_clEvENKS8_clEvEUlfE_EEvS4_PNS1_13CUDAGeneratorERKT2_T3_EUlifE_EEviSt4pairImmET1_SG_",1,"inst_executed","Instructions Executed",21840,21840,21840
"NVIDIA Tegra X1 (0)","_ZN83_GLOBAL__N__59_tmpxft_00000286_00000000_8_Distributions_compute_72_cpp1_ii_c3aa7ee643distribution_elementwise_grid_stride_kernelIfLi4EZZZN2at6native18normal_kernel_cudaERNS1_14TensorIteratorEddPNS1_9GeneratorEENKUlvE_clEvENKUlvE0_clEvEUlP24curandStatePhilox4_32_10E0_ZNS_27distribution_nullary_kernelIffLi4ESB_ZZZNS2_18normal_kernel_cudaES4_ddS6_ENKS7_clEvENKS8_clEvEUlfE_EEvS4_PNS1_13CUDAGeneratorERKT2_T3_EUlifE_EEviSt4pairImmET1_SG_",1,"inst_fp_16","HP Instructions(Half)",0,0,0
"NVIDIA Tegra X1 (0)","_ZN83_GLOBAL__N__59_tmpxft_00000286_00000000_8_Distributions_compute_72_cpp1_ii_c3aa7ee643distribution_elementwise_grid_stride_kernelIfLi4EZZZN2at6native18normal_kernel_cudaERNS1_14TensorIteratorEddPNS1_9GeneratorEENKUlvE_clEvENKUlvE0_clEvEUlP24curandStatePhilox4_32_10E0_ZNS_27distribution_nullary_kernelIffLi4ESB_ZZZNS2_18normal_kernel_cudaES4_ddS6_ENKS7_clEvENKS8_clEvEUlfE_EEvS4_PNS1_13CUDAGeneratorERKT2_T3_EUlifE_EEviSt4pairImmET1_SG_",1,"inst_fp_32","FP Instructions(Single)",76672,76672,76672
"NVIDIA Tegra X1 (0)","_ZN83_GLOBAL__N__59_tmpxft_00000286_00000000_8_Distributions_compute_72_cpp1_ii_c3aa7ee643distribution_elementwise_grid_stride_kernelIfLi4EZZZN2at6native18normal_kernel_cudaERNS1_14TensorIteratorEddPNS1_9GeneratorEENKUlvE_clEvENKUlvE0_clEvEUlP24curandStatePhilox4_32_10E0_ZNS_27distribution_nullary_kernelIffLi4ESB_ZZZNS2_18normal_kernel_cudaES4_ddS6_ENKS7_clEvENKS8_clEvEUlfE_EEvS4_PNS1_13CUDAGeneratorERKT2_T3_EUlifE_EEviSt4pairImmET1_SG_",1,"inst_fp_64","FP Instructions(Double)",0,0,0
"NVIDIA Tegra X1 (0)","_ZN83_GLOBAL__N__59_tmpxft_00000286_00000000_8_Distributions_compute_72_cpp1_ii_c3aa7ee643distribution_elementwise_grid_stride_kernelIfLi4EZZZN2at6native18normal_kernel_cudaERNS1_14TensorIteratorEddPNS1_9GeneratorEENKUlvE_clEvENKUlvE0_clEvEUlP24curandStatePhilox4_32_10E0_ZNS_27distribution_nullary_kernelIffLi4ESB_ZZZNS2_18normal_kernel_cudaES4_ddS6_ENKS7_clEvENKS8_clEvEUlfE_EEvS4_PNS1_13CUDAGeneratorERKT2_T3_EUlifE_EEviSt4pairImmET1_SG_",1,"l2_read_throughput","L2 Throughput (Reads)",28.791324MB/s,28.791324MB/s,28.791305MB/s
"NVIDIA Tegra X1 (0)","_ZN83_GLOBAL__N__59_tmpxft_00000286_00000000_8_Distributions_compute_72_cpp1_ii_c3aa7ee643distribution_elementwise_grid_stride_kernelIfLi4EZZZN2at6native18normal_kernel_cudaERNS1_14TensorIteratorEddPNS1_9GeneratorEENKUlvE_clEvENKUlvE0_clEvEUlP24curandStatePhilox4_32_10E0_ZNS_27distribution_nullary_kernelIffLi4ESB_ZZZNS2_18normal_kernel_cudaES4_ddS6_ENKS7_clEvENKS8_clEvEUlfE_EEvS4_PNS1_13CUDAGeneratorERKT2_T3_EUlifE_EEviSt4pairImmET1_SG_",1,"l2_write_throughput","L2 Throughput (Writes)",101.688505MB/s,101.688505MB/s,101.688486MB/s
"NVIDIA Tegra X1 (0)","_ZN83_GLOBAL__N__59_tmpxft_00000286_00000000_8_Distributions_compute_72_cpp1_ii_c3aa7ee643distribution_elementwise_grid_stride_kernelIfLi4EZZZN2at6native18normal_kernel_cudaERNS1_14TensorIteratorEddPNS1_9GeneratorEENKUlvE_clEvENKUlvE0_clEvEUlP24curandStatePhilox4_32_10E0_ZNS_27distribution_nullary_kernelIffLi4ESB_ZZZNS2_18normal_kernel_cudaES4_ddS6_ENKS7_clEvENKS8_clEvEUlfE_EEvS4_PNS1_13CUDAGeneratorERKT2_T3_EUlifE_EEviSt4pairImmET1_SG_",1,"sm_efficiency","Multiprocessor Activity",81.301873%,81.301873%,81.301873%
"NVIDIA Tegra X1 (0)","_ZN83_GLOBAL__N__59_tmpxft_00000286_00000000_8_Distributions_compute_72_cpp1_ii_c3aa7ee643distribution_elementwise_grid_stride_kernelIfLi4EZZZN2at6native18normal_kernel_cudaERNS1_14TensorIteratorEddPNS1_9GeneratorEENKUlvE_clEvENKUlvE0_clEvEUlP24curandStatePhilox4_32_10E0_ZNS_27distribution_nullary_kernelIffLi4ESB_ZZZNS2_18normal_kernel_cudaES4_ddS6_ENKS7_clEvENKS8_clEvEUlfE_EEvS4_PNS1_13CUDAGeneratorERKT2_T3_EUlifE_EEviSt4pairImmET1_SG_",1,"sysmem_read_bytes","System Memory Read Bytes",0,0,0
"NVIDIA Tegra X1 (0)","_ZN83_GLOBAL__N__59_tmpxft_00000286_00000000_8_Distributions_compute_72_cpp1_ii_c3aa7ee643distribution_elementwise_grid_stride_kernelIfLi4EZZZN2at6native18normal_kernel_cudaERNS1_14TensorIteratorEddPNS1_9GeneratorEENKUlvE_clEvENKUlvE0_clEvEUlP24curandStatePhilox4_32_10E0_ZNS_27distribution_nullary_kernelIffLi4ESB_ZZZNS2_18normal_kernel_cudaES4_ddS6_ENKS7_clEvENKS8_clEvEUlfE_EEvS4_PNS1_13CUDAGeneratorERKT2_T3_EUlifE_EEviSt4pairImmET1_SG_",1,"sysmem_read_throughput","System Memory Read Throughput",0.000000B/s,0.000000B/s,0.000000B/s
"NVIDIA Tegra X1 (0)","_ZN83_GLOBAL__N__59_tmpxft_00000286_00000000_8_Distributions_compute_72_cpp1_ii_c3aa7ee643distribution_elementwise_grid_stride_kernelIfLi4EZZZN2at6native18normal_kernel_cudaERNS1_14TensorIteratorEddPNS1_9GeneratorEENKUlvE_clEvENKUlvE0_clEvEUlP24curandStatePhilox4_32_10E0_ZNS_27distribution_nullary_kernelIffLi4ESB_ZZZNS2_18normal_kernel_cudaES4_ddS6_ENKS7_clEvENKS8_clEvEUlfE_EEvS4_PNS1_13CUDAGeneratorERKT2_T3_EUlifE_EEviSt4pairImmET1_SG_",1,"sysmem_read_transactions","System Memory Read Transactions",0,0,0
"NVIDIA Tegra X1 (0)","_ZN83_GLOBAL__N__59_tmpxft_00000286_00000000_8_Distributions_compute_72_cpp1_ii_c3aa7ee643distribution_elementwise_grid_stride_kernelIfLi4EZZZN2at6native18normal_kernel_cudaERNS1_14TensorIteratorEddPNS1_9GeneratorEENKUlvE_clEvENKUlvE0_clEvEUlP24curandStatePhilox4_32_10E0_ZNS_27distribution_nullary_kernelIffLi4ESB_ZZZNS2_18normal_kernel_cudaES4_ddS6_ENKS7_clEvENKS8_clEvEUlfE_EEvS4_PNS1_13CUDAGeneratorERKT2_T3_EUlifE_EEviSt4pairImmET1_SG_",1,"sysmem_write_bytes","System Memory Write Bytes",0,0,0
"NVIDIA Tegra X1 (0)","_ZN83_GLOBAL__N__59_tmpxft_00000286_00000000_8_Distributions_compute_72_cpp1_ii_c3aa7ee643distribution_elementwise_grid_stride_kernelIfLi4EZZZN2at6native18normal_kernel_cudaERNS1_14TensorIteratorEddPNS1_9GeneratorEENKUlvE_clEvENKUlvE0_clEvEUlP24curandStatePhilox4_32_10E0_ZNS_27distribution_nullary_kernelIffLi4ESB_ZZZNS2_18normal_kernel_cudaES4_ddS6_ENKS7_clEvENKS8_clEvEUlfE_EEvS4_PNS1_13CUDAGeneratorERKT2_T3_EUlifE_EEviSt4pairImmET1_SG_",1,"sysmem_write_throughput","System Memory Write Throughput",0.000000B/s,0.000000B/s,0.000000B/s
"NVIDIA Tegra X1 (0)","_ZN83_GLOBAL__N__59_tmpxft_00000286_00000000_8_Distributions_compute_72_cpp1_ii_c3aa7ee643distribution_elementwise_grid_stride_kernelIfLi4EZZZN2at6native18normal_kernel_cudaERNS1_14TensorIteratorEddPNS1_9GeneratorEENKUlvE_clEvENKUlvE0_clEvEUlP24curandStatePhilox4_32_10E0_ZNS_27distribution_nullary_kernelIffLi4ESB_ZZZNS2_18normal_kernel_cudaES4_ddS6_ENKS7_clEvENKS8_clEvEUlfE_EEvS4_PNS1_13CUDAGeneratorERKT2_T3_EUlifE_EEviSt4pairImmET1_SG_",1,"sysmem_write_transactions","System Memory Write Transactions",0,0,0
"NVIDIA Tegra X1 (0)","_ZN83_GLOBAL__N__59_tmpxft_00000286_00000000_8_Distributions_compute_72_cpp1_ii_c3aa7ee643distribution_elementwise_grid_stride_kernelIfLi4EZZZN2at6native18normal_kernel_cudaERNS1_14TensorIteratorEddPNS1_9GeneratorEENKUlvE_clEvENKUlvE0_clEvEUlP24curandStatePhilox4_32_10E0_ZNS_27distribution_nullary_kernelIffLi4ESB_ZZZNS2_18normal_kernel_cudaES4_ddS6_ENKS7_clEvENKS8_clEvEUlfE_EEvS4_PNS1_13CUDAGeneratorERKT2_T3_EUlifE_EEviSt4pairImmET1_SG_",1,"flop_count_dp","Floating Point Operations(Double Precision)",0,0,0
"NVIDIA Tegra X1 (0)","_ZN83_GLOBAL__N__59_tmpxft_00000286_00000000_8_Distributions_compute_72_cpp1_ii_c3aa7ee643distribution_elementwise_grid_stride_kernelIfLi4EZZZN2at6native18normal_kernel_cudaERNS1_14TensorIteratorEddPNS1_9GeneratorEENKUlvE_clEvENKUlvE0_clEvEUlP24curandStatePhilox4_32_10E0_ZNS_27distribution_nullary_kernelIffLi4ESB_ZZZNS2_18normal_kernel_cudaES4_ddS6_ENKS7_clEvENKS8_clEvEUlfE_EEvS4_PNS1_13CUDAGeneratorERKT2_T3_EUlifE_EEviSt4pairImmET1_SG_",1,"flop_count_dp_add","Floating Point Operations(Double Precision Add)",0,0,0
"NVIDIA Tegra X1 (0)","_ZN83_GLOBAL__N__59_tmpxft_00000286_00000000_8_Distributions_compute_72_cpp1_ii_c3aa7ee643distribution_elementwise_grid_stride_kernelIfLi4EZZZN2at6native18normal_kernel_cudaERNS1_14TensorIteratorEddPNS1_9GeneratorEENKUlvE_clEvENKUlvE0_clEvEUlP24curandStatePhilox4_32_10E0_ZNS_27distribution_nullary_kernelIffLi4ESB_ZZZNS2_18normal_kernel_cudaES4_ddS6_ENKS7_clEvENKS8_clEvEUlfE_EEvS4_PNS1_13CUDAGeneratorERKT2_T3_EUlifE_EEviSt4pairImmET1_SG_",1,"flop_count_dp_fma","Floating Point Operations(Double Precision FMA)",0,0,0
"NVIDIA Tegra X1 (0)","_ZN83_GLOBAL__N__59_tmpxft_00000286_00000000_8_Distributions_compute_72_cpp1_ii_c3aa7ee643distribution_elementwise_grid_stride_kernelIfLi4EZZZN2at6native18normal_kernel_cudaERNS1_14TensorIteratorEddPNS1_9GeneratorEENKUlvE_clEvENKUlvE0_clEvEUlP24curandStatePhilox4_32_10E0_ZNS_27distribution_nullary_kernelIffLi4ESB_ZZZNS2_18normal_kernel_cudaES4_ddS6_ENKS7_clEvENKS8_clEvEUlfE_EEvS4_PNS1_13CUDAGeneratorERKT2_T3_EUlifE_EEviSt4pairImmET1_SG_",1,"flop_count_dp_mul","Floating Point Operations(Double Precision Mul)",0,0,0
"NVIDIA Tegra X1 (0)","_ZN83_GLOBAL__N__59_tmpxft_00000286_00000000_8_Distributions_compute_72_cpp1_ii_c3aa7ee643distribution_elementwise_grid_stride_kernelIfLi4EZZZN2at6native18normal_kernel_cudaERNS1_14TensorIteratorEddPNS1_9GeneratorEENKUlvE_clEvENKUlvE0_clEvEUlP24curandStatePhilox4_32_10E0_ZNS_27distribution_nullary_kernelIffLi4ESB_ZZZNS2_18normal_kernel_cudaES4_ddS6_ENKS7_clEvENKS8_clEvEUlfE_EEvS4_PNS1_13CUDAGeneratorERKT2_T3_EUlifE_EEviSt4pairImmET1_SG_",1,"flop_count_hp","Floating Point Operations(Half Precision)",0,0,0
"NVIDIA Tegra X1 (0)","_ZN83_GLOBAL__N__59_tmpxft_00000286_00000000_8_Distributions_compute_72_cpp1_ii_c3aa7ee643distribution_elementwise_grid_stride_kernelIfLi4EZZZN2at6native18normal_kernel_cudaERNS1_14TensorIteratorEddPNS1_9GeneratorEENKUlvE_clEvENKUlvE0_clEvEUlP24curandStatePhilox4_32_10E0_ZNS_27distribution_nullary_kernelIffLi4ESB_ZZZNS2_18normal_kernel_cudaES4_ddS6_ENKS7_clEvENKS8_clEvEUlfE_EEvS4_PNS1_13CUDAGeneratorERKT2_T3_EUlifE_EEviSt4pairImmET1_SG_",1,"flop_count_hp_add","Floating Point Operations(Half Precision Add)",0,0,0
"NVIDIA Tegra X1 (0)","_ZN83_GLOBAL__N__59_tmpxft_00000286_00000000_8_Distributions_compute_72_cpp1_ii_c3aa7ee643distribution_elementwise_grid_stride_kernelIfLi4EZZZN2at6native18normal_kernel_cudaERNS1_14TensorIteratorEddPNS1_9GeneratorEENKUlvE_clEvENKUlvE0_clEvEUlP24curandStatePhilox4_32_10E0_ZNS_27distribution_nullary_kernelIffLi4ESB_ZZZNS2_18normal_kernel_cudaES4_ddS6_ENKS7_clEvENKS8_clEvEUlfE_EEvS4_PNS1_13CUDAGeneratorERKT2_T3_EUlifE_EEviSt4pairImmET1_SG_",1,"flop_count_hp_fma","Floating Point Operations(Half Precision FMA)",0,0,0
"NVIDIA Tegra X1 (0)","_ZN83_GLOBAL__N__59_tmpxft_00000286_00000000_8_Distributions_compute_72_cpp1_ii_c3aa7ee643distribution_elementwise_grid_stride_kernelIfLi4EZZZN2at6native18normal_kernel_cudaERNS1_14TensorIteratorEddPNS1_9GeneratorEENKUlvE_clEvENKUlvE0_clEvEUlP24curandStatePhilox4_32_10E0_ZNS_27distribution_nullary_kernelIffLi4ESB_ZZZNS2_18normal_kernel_cudaES4_ddS6_ENKS7_clEvENKS8_clEvEUlfE_EEvS4_PNS1_13CUDAGeneratorERKT2_T3_EUlifE_EEviSt4pairImmET1_SG_",1,"flop_count_hp_mul","Floating Point Operation(Half Precision Mul)",0,0,0
"NVIDIA Tegra X1 (0)","_ZN83_GLOBAL__N__59_tmpxft_00000286_00000000_8_Distributions_compute_72_cpp1_ii_c3aa7ee643distribution_elementwise_grid_stride_kernelIfLi4EZZZN2at6native18normal_kernel_cudaERNS1_14TensorIteratorEddPNS1_9GeneratorEENKUlvE_clEvENKUlvE0_clEvEUlP24curandStatePhilox4_32_10E0_ZNS_27distribution_nullary_kernelIffLi4ESB_ZZZNS2_18normal_kernel_cudaES4_ddS6_ENKS7_clEvENKS8_clEvEUlfE_EEvS4_PNS1_13CUDAGeneratorERKT2_T3_EUlifE_EEviSt4pairImmET1_SG_",1,"flop_count_sp","Floating Point Operations(Single Precision)",99584,99584,99584
"NVIDIA Tegra X1 (0)","_ZN83_GLOBAL__N__59_tmpxft_00000286_00000000_8_Distributions_compute_72_cpp1_ii_c3aa7ee643distribution_elementwise_grid_stride_kernelIfLi4EZZZN2at6native18normal_kernel_cudaERNS1_14TensorIteratorEddPNS1_9GeneratorEENKUlvE_clEvENKUlvE0_clEvEUlP24curandStatePhilox4_32_10E0_ZNS_27distribution_nullary_kernelIffLi4ESB_ZZZNS2_18normal_kernel_cudaES4_ddS6_ENKS7_clEvENKS8_clEvEUlfE_EEvS4_PNS1_13CUDAGeneratorERKT2_T3_EUlifE_EEviSt4pairImmET1_SG_",1,"flop_count_sp_add","Floating Point Operations(Single Precision Add)",5120,5120,5120
"NVIDIA Tegra X1 (0)","_ZN83_GLOBAL__N__59_tmpxft_00000286_00000000_8_Distributions_compute_72_cpp1_ii_c3aa7ee643distribution_elementwise_grid_stride_kernelIfLi4EZZZN2at6native18normal_kernel_cudaERNS1_14TensorIteratorEddPNS1_9GeneratorEENKUlvE_clEvENKUlvE0_clEvEUlP24curandStatePhilox4_32_10E0_ZNS_27distribution_nullary_kernelIffLi4ESB_ZZZNS2_18normal_kernel_cudaES4_ddS6_ENKS7_clEvENKS8_clEvEUlfE_EEvS4_PNS1_13CUDAGeneratorERKT2_T3_EUlifE_EEviSt4pairImmET1_SG_",1,"flop_count_sp_fma","Floating Point Operations(Single Precision FMA)",39552,39552,39552
"NVIDIA Tegra X1 (0)","_ZN83_GLOBAL__N__59_tmpxft_00000286_00000000_8_Distributions_compute_72_cpp1_ii_c3aa7ee643distribution_elementwise_grid_stride_kernelIfLi4EZZZN2at6native18normal_kernel_cudaERNS1_14TensorIteratorEddPNS1_9GeneratorEENKUlvE_clEvENKUlvE0_clEvEUlP24curandStatePhilox4_32_10E0_ZNS_27distribution_nullary_kernelIffLi4ESB_ZZZNS2_18normal_kernel_cudaES4_ddS6_ENKS7_clEvENKS8_clEvEUlfE_EEvS4_PNS1_13CUDAGeneratorERKT2_T3_EUlifE_EEviSt4pairImmET1_SG_",1,"flop_count_sp_mul","Floating Point Operation(Single Precision Mul)",15360,15360,15360
"NVIDIA Tegra X1 (0)","_ZN83_GLOBAL__N__59_tmpxft_00000286_00000000_8_Distributions_compute_72_cpp1_ii_c3aa7ee643distribution_elementwise_grid_stride_kernelIfLi4EZZZN2at6native18normal_kernel_cudaERNS1_14TensorIteratorEddPNS1_9GeneratorEENKUlvE_clEvENKUlvE0_clEvEUlP24curandStatePhilox4_32_10E0_ZNS_27distribution_nullary_kernelIffLi4ESB_ZZZNS2_18normal_kernel_cudaES4_ddS6_ENKS7_clEvENKS8_clEvEUlfE_EEvS4_PNS1_13CUDAGeneratorERKT2_T3_EUlifE_EEviSt4pairImmET1_SG_",1,"flop_count_sp_special","Floating Point Operations(Single Precision Special)",8960,8960,8960
"NVIDIA Tegra X1 (0)","_ZN83_GLOBAL__N__59_tmpxft_00000286_00000000_8_Distributions_compute_72_cpp1_ii_c3aa7ee643distribution_elementwise_grid_stride_kernelIfLi4EZZZN2at6native18normal_kernel_cudaERNS1_14TensorIteratorEddPNS1_9GeneratorEENKUlvE_clEvENKUlvE0_clEvEUlP24curandStatePhilox4_32_10E0_ZNS_27distribution_nullary_kernelIffLi4ESB_ZZZNS2_18normal_kernel_cudaES4_ddS6_ENKS7_clEvENKS8_clEvEUlfE_EEvS4_PNS1_13CUDAGeneratorERKT2_T3_EUlifE_EEviSt4pairImmET1_SG_",1,"flop_dp_efficiency","FLOP Efficiency(Peak Double)",0.000000%,0.000000%,0.000000%
"NVIDIA Tegra X1 (0)","_ZN83_GLOBAL__N__59_tmpxft_00000286_00000000_8_Distributions_compute_72_cpp1_ii_c3aa7ee643distribution_elementwise_grid_stride_kernelIfLi4EZZZN2at6native18normal_kernel_cudaERNS1_14TensorIteratorEddPNS1_9GeneratorEENKUlvE_clEvENKUlvE0_clEvEUlP24curandStatePhilox4_32_10E0_ZNS_27distribution_nullary_kernelIffLi4ESB_ZZZNS2_18normal_kernel_cudaES4_ddS6_ENKS7_clEvENKS8_clEvEUlfE_EEvS4_PNS1_13CUDAGeneratorERKT2_T3_EUlifE_EEviSt4pairImmET1_SG_",1,"flop_hp_efficiency","FLOP Efficiency(Peak Half)",0.000000%,0.000000%,0.000000%
"NVIDIA Tegra X1 (0)","_ZN83_GLOBAL__N__59_tmpxft_00000286_00000000_8_Distributions_compute_72_cpp1_ii_c3aa7ee643distribution_elementwise_grid_stride_kernelIfLi4EZZZN2at6native18normal_kernel_cudaERNS1_14TensorIteratorEddPNS1_9GeneratorEENKUlvE_clEvENKUlvE0_clEvEUlP24curandStatePhilox4_32_10E0_ZNS_27distribution_nullary_kernelIffLi4ESB_ZZZNS2_18normal_kernel_cudaES4_ddS6_ENKS7_clEvENKS8_clEvEUlfE_EEvS4_PNS1_13CUDAGeneratorERKT2_T3_EUlifE_EEviSt4pairImmET1_SG_",1,"flop_sp_efficiency","FLOP Efficiency(Peak Single)",4.612284%,4.612284%,4.612284%
"NVIDIA Tegra X1 (0)","_ZN83_GLOBAL__N__59_tmpxft_00000286_00000000_8_Distributions_compute_72_cpp1_ii_c3aa7ee643distribution_elementwise_grid_stride_kernelIfLi4EZZZN2at6native18normal_kernel_cudaERNS1_14TensorIteratorEddPNS1_9GeneratorEENKUlvE_clEvENKUlvE0_clEvEUlP24curandStatePhilox4_32_10E0_ZNS_27distribution_nullary_kernelIffLi4ESB_ZZZNS2_18normal_kernel_cudaES4_ddS6_ENKS7_clEvENKS8_clEvEUlfE_EEvS4_PNS1_13CUDAGeneratorERKT2_T3_EUlifE_EEviSt4pairImmET1_SG_",1,"inst_bit_convert","Bit-Convert Instructions",10240,10240,10240
"NVIDIA Tegra X1 (0)","_ZN83_GLOBAL__N__59_tmpxft_00000286_00000000_8_Distributions_compute_72_cpp1_ii_c3aa7ee643distribution_elementwise_grid_stride_kernelIfLi4EZZZN2at6native18normal_kernel_cudaERNS1_14TensorIteratorEddPNS1_9GeneratorEENKUlvE_clEvENKUlvE0_clEvEUlP24curandStatePhilox4_32_10E0_ZNS_27distribution_nullary_kernelIffLi4ESB_ZZZNS2_18normal_kernel_cudaES4_ddS6_ENKS7_clEvENKS8_clEvEUlfE_EEvS4_PNS1_13CUDAGeneratorERKT2_T3_EUlifE_EEviSt4pairImmET1_SG_",1,"inst_compute_ld_st","Load/Store Instructions",1152,1152,1152
"NVIDIA Tegra X1 (0)","_ZN83_GLOBAL__N__59_tmpxft_00000286_00000000_8_Distributions_compute_72_cpp1_ii_c3aa7ee643distribution_elementwise_grid_stride_kernelIfLi4EZZZN2at6native18normal_kernel_cudaERNS1_14TensorIteratorEddPNS1_9GeneratorEENKUlvE_clEvENKUlvE0_clEvEUlP24curandStatePhilox4_32_10E0_ZNS_27distribution_nullary_kernelIffLi4ESB_ZZZNS2_18normal_kernel_cudaES4_ddS6_ENKS7_clEvENKS8_clEvEUlfE_EEvS4_PNS1_13CUDAGeneratorERKT2_T3_EUlifE_EEviSt4pairImmET1_SG_",1,"inst_executed_global_atomics","Warp level instructions for global atom and atom cas",0,0,0
"NVIDIA Tegra X1 (0)","_ZN83_GLOBAL__N__59_tmpxft_00000286_00000000_8_Distributions_compute_72_cpp1_ii_c3aa7ee643distribution_elementwise_grid_stride_kernelIfLi4EZZZN2at6native18normal_kernel_cudaERNS1_14TensorIteratorEddPNS1_9GeneratorEENKUlvE_clEvENKUlvE0_clEvEUlP24curandStatePhilox4_32_10E0_ZNS_27distribution_nullary_kernelIffLi4ESB_ZZZNS2_18normal_kernel_cudaES4_ddS6_ENKS7_clEvENKS8_clEvEUlfE_EEvS4_PNS1_13CUDAGeneratorERKT2_T3_EUlifE_EEviSt4pairImmET1_SG_",1,"inst_executed_global_loads","Warp level instructions for global loads",0,0,0
"NVIDIA Tegra X1 (0)","_ZN83_GLOBAL__N__59_tmpxft_00000286_00000000_8_Distributions_compute_72_cpp1_ii_c3aa7ee643distribution_elementwise_grid_stride_kernelIfLi4EZZZN2at6native18normal_kernel_cudaERNS1_14TensorIteratorEddPNS1_9GeneratorEENKUlvE_clEvENKUlvE0_clEvEUlP24curandStatePhilox4_32_10E0_ZNS_27distribution_nullary_kernelIffLi4ESB_ZZZNS2_18normal_kernel_cudaES4_ddS6_ENKS7_clEvENKS8_clEvEUlfE_EEvS4_PNS1_13CUDAGeneratorERKT2_T3_EUlifE_EEviSt4pairImmET1_SG_",1,"inst_executed_global_reductions","Warp level instructions for global reductions",0,0,0
"NVIDIA Tegra X1 (0)","_ZN83_GLOBAL__N__59_tmpxft_00000286_00000000_8_Distributions_compute_72_cpp1_ii_c3aa7ee643distribution_elementwise_grid_stride_kernelIfLi4EZZZN2at6native18normal_kernel_cudaERNS1_14TensorIteratorEddPNS1_9GeneratorEENKUlvE_clEvENKUlvE0_clEvEUlP24curandStatePhilox4_32_10E0_ZNS_27distribution_nullary_kernelIffLi4ESB_ZZZNS2_18normal_kernel_cudaES4_ddS6_ENKS7_clEvENKS8_clEvEUlfE_EEvS4_PNS1_13CUDAGeneratorERKT2_T3_EUlifE_EEviSt4pairImmET1_SG_",1,"inst_executed_global_stores","Warp level instructions for global stores",36,36,36
"NVIDIA Tegra X1 (0)","_ZN83_GLOBAL__N__59_tmpxft_00000286_00000000_8_Distributions_compute_72_cpp1_ii_c3aa7ee643distribution_elementwise_grid_stride_kernelIfLi4EZZZN2at6native18normal_kernel_cudaERNS1_14TensorIteratorEddPNS1_9GeneratorEENKUlvE_clEvENKUlvE0_clEvEUlP24curandStatePhilox4_32_10E0_ZNS_27distribution_nullary_kernelIffLi4ESB_ZZZNS2_18normal_kernel_cudaES4_ddS6_ENKS7_clEvENKS8_clEvEUlfE_EEvS4_PNS1_13CUDAGeneratorERKT2_T3_EUlifE_EEviSt4pairImmET1_SG_",1,"inst_executed_local_loads","Warp level instructions for local loads",0,0,0
"NVIDIA Tegra X1 (0)","_ZN83_GLOBAL__N__59_tmpxft_00000286_00000000_8_Distributions_compute_72_cpp1_ii_c3aa7ee643distribution_elementwise_grid_stride_kernelIfLi4EZZZN2at6native18normal_kernel_cudaERNS1_14TensorIteratorEddPNS1_9GeneratorEENKUlvE_clEvENKUlvE0_clEvEUlP24curandStatePhilox4_32_10E0_ZNS_27distribution_nullary_kernelIffLi4ESB_ZZZNS2_18normal_kernel_cudaES4_ddS6_ENKS7_clEvENKS8_clEvEUlfE_EEvS4_PNS1_13CUDAGeneratorERKT2_T3_EUlifE_EEviSt4pairImmET1_SG_",1,"inst_executed_local_stores","Warp level instructions for local stores",0,0,0
"NVIDIA Tegra X1 (0)","_ZN83_GLOBAL__N__59_tmpxft_00000286_00000000_8_Distributions_compute_72_cpp1_ii_c3aa7ee643distribution_elementwise_grid_stride_kernelIfLi4EZZZN2at6native18normal_kernel_cudaERNS1_14TensorIteratorEddPNS1_9GeneratorEENKUlvE_clEvENKUlvE0_clEvEUlP24curandStatePhilox4_32_10E0_ZNS_27distribution_nullary_kernelIffLi4ESB_ZZZNS2_18normal_kernel_cudaES4_ddS6_ENKS7_clEvENKS8_clEvEUlfE_EEvS4_PNS1_13CUDAGeneratorERKT2_T3_EUlifE_EEviSt4pairImmET1_SG_",1,"inst_executed_shared_atomics","Warp level shared instructions for atom and atom CAS",0,0,0
"NVIDIA Tegra X1 (0)","_ZN83_GLOBAL__N__59_tmpxft_00000286_00000000_8_Distributions_compute_72_cpp1_ii_c3aa7ee643distribution_elementwise_grid_stride_kernelIfLi4EZZZN2at6native18normal_kernel_cudaERNS1_14TensorIteratorEddPNS1_9GeneratorEENKUlvE_clEvENKUlvE0_clEvEUlP24curandStatePhilox4_32_10E0_ZNS_27distribution_nullary_kernelIffLi4ESB_ZZZNS2_18normal_kernel_cudaES4_ddS6_ENKS7_clEvENKS8_clEvEUlfE_EEvS4_PNS1_13CUDAGeneratorERKT2_T3_EUlifE_EEviSt4pairImmET1_SG_",1,"inst_executed_shared_loads","Warp level instructions for shared loads",0,0,0
"NVIDIA Tegra X1 (0)","_ZN83_GLOBAL__N__59_tmpxft_00000286_00000000_8_Distributions_compute_72_cpp1_ii_c3aa7ee643distribution_elementwise_grid_stride_kernelIfLi4EZZZN2at6native18normal_kernel_cudaERNS1_14TensorIteratorEddPNS1_9GeneratorEENKUlvE_clEvENKUlvE0_clEvEUlP24curandStatePhilox4_32_10E0_ZNS_27distribution_nullary_kernelIffLi4ESB_ZZZNS2_18normal_kernel_cudaES4_ddS6_ENKS7_clEvENKS8_clEvEUlfE_EEvS4_PNS1_13CUDAGeneratorERKT2_T3_EUlifE_EEviSt4pairImmET1_SG_",1,"inst_executed_shared_stores","Warp level instructions for shared stores",0,0,0
"NVIDIA Tegra X1 (0)","_ZN83_GLOBAL__N__59_tmpxft_00000286_00000000_8_Distributions_compute_72_cpp1_ii_c3aa7ee643distribution_elementwise_grid_stride_kernelIfLi4EZZZN2at6native18normal_kernel_cudaERNS1_14TensorIteratorEddPNS1_9GeneratorEENKUlvE_clEvENKUlvE0_clEvEUlP24curandStatePhilox4_32_10E0_ZNS_27distribution_nullary_kernelIffLi4ESB_ZZZNS2_18normal_kernel_cudaES4_ddS6_ENKS7_clEvENKS8_clEvEUlfE_EEvS4_PNS1_13CUDAGeneratorERKT2_T3_EUlifE_EEviSt4pairImmET1_SG_",1,"inst_executed_surface_atomics","Warp level instructions for surface atom and atom cas",0,0,0
"NVIDIA Tegra X1 (0)","_ZN83_GLOBAL__N__59_tmpxft_00000286_00000000_8_Distributions_compute_72_cpp1_ii_c3aa7ee643distribution_elementwise_grid_stride_kernelIfLi4EZZZN2at6native18normal_kernel_cudaERNS1_14TensorIteratorEddPNS1_9GeneratorEENKUlvE_clEvENKUlvE0_clEvEUlP24curandStatePhilox4_32_10E0_ZNS_27distribution_nullary_kernelIffLi4ESB_ZZZNS2_18normal_kernel_cudaES4_ddS6_ENKS7_clEvENKS8_clEvEUlfE_EEvS4_PNS1_13CUDAGeneratorERKT2_T3_EUlifE_EEviSt4pairImmET1_SG_",1,"inst_executed_surface_loads","Warp level instructions for surface loads",0,0,0
"NVIDIA Tegra X1 (0)","_ZN83_GLOBAL__N__59_tmpxft_00000286_00000000_8_Distributions_compute_72_cpp1_ii_c3aa7ee643distribution_elementwise_grid_stride_kernelIfLi4EZZZN2at6native18normal_kernel_cudaERNS1_14TensorIteratorEddPNS1_9GeneratorEENKUlvE_clEvENKUlvE0_clEvEUlP24curandStatePhilox4_32_10E0_ZNS_27distribution_nullary_kernelIffLi4ESB_ZZZNS2_18normal_kernel_cudaES4_ddS6_ENKS7_clEvENKS8_clEvEUlfE_EEvS4_PNS1_13CUDAGeneratorERKT2_T3_EUlifE_EEviSt4pairImmET1_SG_",1,"inst_executed_surface_reductions","Warp level instructions for surface reductions",0,0,0
"NVIDIA Tegra X1 (0)","_ZN83_GLOBAL__N__59_tmpxft_00000286_00000000_8_Distributions_compute_72_cpp1_ii_c3aa7ee643distribution_elementwise_grid_stride_kernelIfLi4EZZZN2at6native18normal_kernel_cudaERNS1_14TensorIteratorEddPNS1_9GeneratorEENKUlvE_clEvENKUlvE0_clEvEUlP24curandStatePhilox4_32_10E0_ZNS_27distribution_nullary_kernelIffLi4ESB_ZZZNS2_18normal_kernel_cudaES4_ddS6_ENKS7_clEvENKS8_clEvEUlfE_EEvS4_PNS1_13CUDAGeneratorERKT2_T3_EUlifE_EEviSt4pairImmET1_SG_",1,"inst_executed_surface_stores","Warp level instructions for surface stores",0,0,0
"NVIDIA Tegra X1 (0)","_ZN83_GLOBAL__N__59_tmpxft_00000286_00000000_8_Distributions_compute_72_cpp1_ii_c3aa7ee643distribution_elementwise_grid_stride_kernelIfLi4EZZZN2at6native18normal_kernel_cudaERNS1_14TensorIteratorEddPNS1_9GeneratorEENKUlvE_clEvENKUlvE0_clEvEUlP24curandStatePhilox4_32_10E0_ZNS_27distribution_nullary_kernelIffLi4ESB_ZZZNS2_18normal_kernel_cudaES4_ddS6_ENKS7_clEvENKS8_clEvEUlfE_EEvS4_PNS1_13CUDAGeneratorERKT2_T3_EUlifE_EEviSt4pairImmET1_SG_",1,"inst_executed_tex_ops","Warp level instructions for texture",0,0,0
"NVIDIA Tegra X1 (0)","_ZN83_GLOBAL__N__59_tmpxft_00000286_00000000_8_Distributions_compute_72_cpp1_ii_c3aa7ee643distribution_elementwise_grid_stride_kernelIfLi4EZZZN2at6native18normal_kernel_cudaERNS1_14TensorIteratorEddPNS1_9GeneratorEENKUlvE_clEvENKUlvE0_clEvEUlP24curandStatePhilox4_32_10E0_ZNS_27distribution_nullary_kernelIffLi4ESB_ZZZNS2_18normal_kernel_cudaES4_ddS6_ENKS7_clEvENKS8_clEvEUlfE_EEvS4_PNS1_13CUDAGeneratorERKT2_T3_EUlifE_EEviSt4pairImmET1_SG_",1,"inst_integer","Integer Instructions",531712,531712,531712
"NVIDIA Tegra X1 (0)","_ZN83_GLOBAL__N__59_tmpxft_00000286_00000000_8_Distributions_compute_72_cpp1_ii_c3aa7ee643distribution_elementwise_grid_stride_kernelIfLi4EZZZN2at6native18normal_kernel_cudaERNS1_14TensorIteratorEddPNS1_9GeneratorEENKUlvE_clEvENKUlvE0_clEvEUlP24curandStatePhilox4_32_10E0_ZNS_27distribution_nullary_kernelIffLi4ESB_ZZZNS2_18normal_kernel_cudaES4_ddS6_ENKS7_clEvENKS8_clEvEUlfE_EEvS4_PNS1_13CUDAGeneratorERKT2_T3_EUlifE_EEviSt4pairImmET1_SG_",1,"inst_inter_thread_communication","Inter-Thread Instructions",0,0,0
"NVIDIA Tegra X1 (0)","_ZN83_GLOBAL__N__59_tmpxft_00000286_00000000_8_Distributions_compute_72_cpp1_ii_c3aa7ee643distribution_elementwise_grid_stride_kernelIfLi4EZZZN2at6native18normal_kernel_cudaERNS1_14TensorIteratorEddPNS1_9GeneratorEENKUlvE_clEvENKUlvE0_clEvEUlP24curandStatePhilox4_32_10E0_ZNS_27distribution_nullary_kernelIffLi4ESB_ZZZNS2_18normal_kernel_cudaES4_ddS6_ENKS7_clEvENKS8_clEvEUlfE_EEvS4_PNS1_13CUDAGeneratorERKT2_T3_EUlifE_EEviSt4pairImmET1_SG_",1,"inst_issued","Instructions Issued",21978,21978,21978
"NVIDIA Tegra X1 (0)","_ZN83_GLOBAL__N__59_tmpxft_00000286_00000000_8_Distributions_compute_72_cpp1_ii_c3aa7ee643distribution_elementwise_grid_stride_kernelIfLi4EZZZN2at6native18normal_kernel_cudaERNS1_14TensorIteratorEddPNS1_9GeneratorEENKUlvE_clEvENKUlvE0_clEvEUlP24curandStatePhilox4_32_10E0_ZNS_27distribution_nullary_kernelIffLi4ESB_ZZZNS2_18normal_kernel_cudaES4_ddS6_ENKS7_clEvENKS8_clEvEUlfE_EEvS4_PNS1_13CUDAGeneratorERKT2_T3_EUlifE_EEviSt4pairImmET1_SG_",1,"inst_misc","Misc Instructions",36992,36992,36992
"NVIDIA Tegra X1 (0)","_ZN83_GLOBAL__N__59_tmpxft_00000286_00000000_8_Distributions_compute_72_cpp1_ii_c3aa7ee643distribution_elementwise_grid_stride_kernelIfLi4EZZZN2at6native18normal_kernel_cudaERNS1_14TensorIteratorEddPNS1_9GeneratorEENKUlvE_clEvENKUlvE0_clEvEUlP24curandStatePhilox4_32_10E0_ZNS_27distribution_nullary_kernelIffLi4ESB_ZZZNS2_18normal_kernel_cudaES4_ddS6_ENKS7_clEvENKS8_clEvEUlfE_EEvS4_PNS1_13CUDAGeneratorERKT2_T3_EUlifE_EEviSt4pairImmET1_SG_",1,"inst_per_warp","Instructions per warp",546.000000,546.000000,546.000000
"NVIDIA Tegra X1 (0)","_ZN83_GLOBAL__N__59_tmpxft_00000286_00000000_8_Distributions_compute_72_cpp1_ii_c3aa7ee643distribution_elementwise_grid_stride_kernelIfLi4EZZZN2at6native18normal_kernel_cudaERNS1_14TensorIteratorEddPNS1_9GeneratorEENKUlvE_clEvENKUlvE0_clEvEUlP24curandStatePhilox4_32_10E0_ZNS_27distribution_nullary_kernelIffLi4ESB_ZZZNS2_18normal_kernel_cudaES4_ddS6_ENKS7_clEvENKS8_clEvEUlfE_EEvS4_PNS1_13CUDAGeneratorERKT2_T3_EUlifE_EEviSt4pairImmET1_SG_",1,"inst_replay_overhead","Instruction Replay Overhead",0.006319,0.006319,0.006319
"NVIDIA Tegra X1 (0)","void add_tensor_kernel_v3<int=2, float, float, int=32, int=1, int=4, int=2, int=2>(cudnnTensorStruct, float*, cudnnTensorStruct, float const *, float, float, int, int, int)",1,"achieved_occupancy","Achieved Occupancy",0.965423,0.965423,0.965423
"NVIDIA Tegra X1 (0)","void add_tensor_kernel_v3<int=2, float, float, int=32, int=1, int=4, int=2, int=2>(cudnnTensorStruct, float*, cudnnTensorStruct, float const *, float, float, int, int, int)",1,"ipc","Executed IPC",1.832645,1.832645,1.832645
"NVIDIA Tegra X1 (0)","void add_tensor_kernel_v3<int=2, float, float, int=32, int=1, int=4, int=2, int=2>(cudnnTensorStruct, float*, cudnnTensorStruct, float const *, float, float, int, int, int)",1,"inst_executed","Instructions Executed",590000,590000,590000
"NVIDIA Tegra X1 (0)","void add_tensor_kernel_v3<int=2, float, float, int=32, int=1, int=4, int=2, int=2>(cudnnTensorStruct, float*, cudnnTensorStruct, float const *, float, float, int, int, int)",1,"inst_fp_16","HP Instructions(Half)",0,0,0
"NVIDIA Tegra X1 (0)","void add_tensor_kernel_v3<int=2, float, float, int=32, int=1, int=4, int=2, int=2>(cudnnTensorStruct, float*, cudnnTensorStruct, float const *, float, float, int, int, int)",1,"inst_fp_32","FP Instructions(Single)",1390000,1390000,1390000
"NVIDIA Tegra X1 (0)","void add_tensor_kernel_v3<int=2, float, float, int=32, int=1, int=4, int=2, int=2>(cudnnTensorStruct, float*, cudnnTensorStruct, float const *, float, float, int, int, int)",1,"inst_fp_64","FP Instructions(Double)",0,0,0
"NVIDIA Tegra X1 (0)","void add_tensor_kernel_v3<int=2, float, float, int=32, int=1, int=4, int=2, int=2>(cudnnTensorStruct, float*, cudnnTensorStruct, float const *, float, float, int, int, int)",1,"l2_read_throughput","L2 Throughput (Reads)",8.568420GB/s,8.568420GB/s,8.568420GB/s
"NVIDIA Tegra X1 (0)","void add_tensor_kernel_v3<int=2, float, float, int=32, int=1, int=4, int=2, int=2>(cudnnTensorStruct, float*, cudnnTensorStruct, float const *, float, float, int, int, int)",1,"l2_write_throughput","L2 Throughput (Writes)",8.452895GB/s,8.452895GB/s,8.452895GB/s
"NVIDIA Tegra X1 (0)","void add_tensor_kernel_v3<int=2, float, float, int=32, int=1, int=4, int=2, int=2>(cudnnTensorStruct, float*, cudnnTensorStruct, float const *, float, float, int, int, int)",1,"sm_efficiency","Multiprocessor Activity",99.470630%,99.470630%,99.470630%
"NVIDIA Tegra X1 (0)","void add_tensor_kernel_v3<int=2, float, float, int=32, int=1, int=4, int=2, int=2>(cudnnTensorStruct, float*, cudnnTensorStruct, float const *, float, float, int, int, int)",1,"sysmem_read_bytes","System Memory Read Bytes",0,0,0
"NVIDIA Tegra X1 (0)","void add_tensor_kernel_v3<int=2, float, float, int=32, int=1, int=4, int=2, int=2>(cudnnTensorStruct, float*, cudnnTensorStruct, float const *, float, float, int, int, int)",1,"sysmem_read_throughput","System Memory Read Throughput",0.000000B/s,0.000000B/s,0.000000B/s
"NVIDIA Tegra X1 (0)","void add_tensor_kernel_v3<int=2, float, float, int=32, int=1, int=4, int=2, int=2>(cudnnTensorStruct, float*, cudnnTensorStruct, float const *, float, float, int, int, int)",1,"sysmem_read_transactions","System Memory Read Transactions",0,0,0
"NVIDIA Tegra X1 (0)","void add_tensor_kernel_v3<int=2, float, float, int=32, int=1, int=4, int=2, int=2>(cudnnTensorStruct, float*, cudnnTensorStruct, float const *, float, float, int, int, int)",1,"sysmem_write_bytes","System Memory Write Bytes",0,0,0
"NVIDIA Tegra X1 (0)","void add_tensor_kernel_v3<int=2, float, float, int=32, int=1, int=4, int=2, int=2>(cudnnTensorStruct, float*, cudnnTensorStruct, float const *, float, float, int, int, int)",1,"sysmem_write_throughput","System Memory Write Throughput",0.000000B/s,0.000000B/s,0.000000B/s
"NVIDIA Tegra X1 (0)","void add_tensor_kernel_v3<int=2, float, float, int=32, int=1, int=4, int=2, int=2>(cudnnTensorStruct, float*, cudnnTensorStruct, float const *, float, float, int, int, int)",1,"sysmem_write_transactions","System Memory Write Transactions",0,0,0
"NVIDIA Tegra X1 (0)","void add_tensor_kernel_v3<int=2, float, float, int=32, int=1, int=4, int=2, int=2>(cudnnTensorStruct, float*, cudnnTensorStruct, float const *, float, float, int, int, int)",1,"flop_count_dp","Floating Point Operations(Double Precision)",0,0,0
"NVIDIA Tegra X1 (0)","void add_tensor_kernel_v3<int=2, float, float, int=32, int=1, int=4, int=2, int=2>(cudnnTensorStruct, float*, cudnnTensorStruct, float const *, float, float, int, int, int)",1,"flop_count_dp_add","Floating Point Operations(Double Precision Add)",0,0,0
"NVIDIA Tegra X1 (0)","void add_tensor_kernel_v3<int=2, float, float, int=32, int=1, int=4, int=2, int=2>(cudnnTensorStruct, float*, cudnnTensorStruct, float const *, float, float, int, int, int)",1,"flop_count_dp_fma","Floating Point Operations(Double Precision FMA)",0,0,0
"NVIDIA Tegra X1 (0)","void add_tensor_kernel_v3<int=2, float, float, int=32, int=1, int=4, int=2, int=2>(cudnnTensorStruct, float*, cudnnTensorStruct, float const *, float, float, int, int, int)",1,"flop_count_dp_mul","Floating Point Operations(Double Precision Mul)",0,0,0
"NVIDIA Tegra X1 (0)","void add_tensor_kernel_v3<int=2, float, float, int=32, int=1, int=4, int=2, int=2>(cudnnTensorStruct, float*, cudnnTensorStruct, float const *, float, float, int, int, int)",1,"flop_count_hp","Floating Point Operations(Half Precision)",0,0,0
"NVIDIA Tegra X1 (0)","void add_tensor_kernel_v3<int=2, float, float, int=32, int=1, int=4, int=2, int=2>(cudnnTensorStruct, float*, cudnnTensorStruct, float const *, float, float, int, int, int)",1,"flop_count_hp_add","Floating Point Operations(Half Precision Add)",0,0,0
"NVIDIA Tegra X1 (0)","void add_tensor_kernel_v3<int=2, float, float, int=32, int=1, int=4, int=2, int=2>(cudnnTensorStruct, float*, cudnnTensorStruct, float const *, float, float, int, int, int)",1,"flop_count_hp_fma","Floating Point Operations(Half Precision FMA)",0,0,0
"NVIDIA Tegra X1 (0)","void add_tensor_kernel_v3<int=2, float, float, int=32, int=1, int=4, int=2, int=2>(cudnnTensorStruct, float*, cudnnTensorStruct, float const *, float, float, int, int, int)",1,"flop_count_hp_mul","Floating Point Operation(Half Precision Mul)",0,0,0
"NVIDIA Tegra X1 (0)","void add_tensor_kernel_v3<int=2, float, float, int=32, int=1, int=4, int=2, int=2>(cudnnTensorStruct, float*, cudnnTensorStruct, float const *, float, float, int, int, int)",1,"flop_count_sp","Floating Point Operations(Single Precision)",1646000,1646000,1646000
"NVIDIA Tegra X1 (0)","void add_tensor_kernel_v3<int=2, float, float, int=32, int=1, int=4, int=2, int=2>(cudnnTensorStruct, float*, cudnnTensorStruct, float const *, float, float, int, int, int)",1,"flop_count_sp_add","Floating Point Operations(Single Precision Add)",369000,369000,369000
"NVIDIA Tegra X1 (0)","void add_tensor_kernel_v3<int=2, float, float, int=32, int=1, int=4, int=2, int=2>(cudnnTensorStruct, float*, cudnnTensorStruct, float const *, float, float, int, int, int)",1,"flop_count_sp_fma","Floating Point Operations(Single Precision FMA)",415000,415000,415000
"NVIDIA Tegra X1 (0)","void add_tensor_kernel_v3<int=2, float, float, int=32, int=1, int=4, int=2, int=2>(cudnnTensorStruct, float*, cudnnTensorStruct, float const *, float, float, int, int, int)",1,"flop_count_sp_mul","Floating Point Operation(Single Precision Mul)",447000,447000,447000
"NVIDIA Tegra X1 (0)","void add_tensor_kernel_v3<int=2, float, float, int=32, int=1, int=4, int=2, int=2>(cudnnTensorStruct, float*, cudnnTensorStruct, float const *, float, float, int, int, int)",1,"flop_count_sp_special","Floating Point Operations(Single Precision Special)",96000,96000,96000
"NVIDIA Tegra X1 (0)","void add_tensor_kernel_v3<int=2, float, float, int=32, int=1, int=4, int=2, int=2>(cudnnTensorStruct, float*, cudnnTensorStruct, float const *, float, float, int, int, int)",1,"flop_dp_efficiency","FLOP Efficiency(Peak Double)",0.000000%,0.000000%,0.000000%
"NVIDIA Tegra X1 (0)","void add_tensor_kernel_v3<int=2, float, float, int=32, int=1, int=4, int=2, int=2>(cudnnTensorStruct, float*, cudnnTensorStruct, float const *, float, float, int, int, int)",1,"flop_hp_efficiency","FLOP Efficiency(Peak Half)",0.000000%,0.000000%,0.000000%
"NVIDIA Tegra X1 (0)","void add_tensor_kernel_v3<int=2, float, float, int=32, int=1, int=4, int=2, int=2>(cudnnTensorStruct, float*, cudnnTensorStruct, float const *, float, float, int, int, int)",1,"flop_sp_efficiency","FLOP Efficiency(Peak Single)",1.999816%,1.999816%,1.999816%
"NVIDIA Tegra X1 (0)","void add_tensor_kernel_v3<int=2, float, float, int=32, int=1, int=4, int=2, int=2>(cudnnTensorStruct, float*, cudnnTensorStruct, float const *, float, float, int, int, int)",1,"inst_bit_convert","Bit-Convert Instructions",192000,192000,192000
"NVIDIA Tegra X1 (0)","void add_tensor_kernel_v3<int=2, float, float, int=32, int=1, int=4, int=2, int=2>(cudnnTensorStruct, float*, cudnnTensorStruct, float const *, float, float, int, int, int)",1,"inst_compute_ld_st","Load/Store Instructions",1600000,1600000,1600000
"NVIDIA Tegra X1 (0)","void add_tensor_kernel_v3<int=2, float, float, int=32, int=1, int=4, int=2, int=2>(cudnnTensorStruct, float*, cudnnTensorStruct, float const *, float, float, int, int, int)",1,"inst_executed_global_atomics","Warp level instructions for global atom and atom cas",0,0,0
"NVIDIA Tegra X1 (0)","void add_tensor_kernel_v3<int=2, float, float, int=32, int=1, int=4, int=2, int=2>(cudnnTensorStruct, float*, cudnnTensorStruct, float const *, float, float, int, int, int)",1,"inst_executed_global_loads","Warp level instructions for global loads",27000,27000,27000
"NVIDIA Tegra X1 (0)","void add_tensor_kernel_v3<int=2, float, float, int=32, int=1, int=4, int=2, int=2>(cudnnTensorStruct, float*, cudnnTensorStruct, float const *, float, float, int, int, int)",1,"inst_executed_global_reductions","Warp level instructions for global reductions",0,0,0
"NVIDIA Tegra X1 (0)","void add_tensor_kernel_v3<int=2, float, float, int=32, int=1, int=4, int=2, int=2>(cudnnTensorStruct, float*, cudnnTensorStruct, float const *, float, float, int, int, int)",1,"inst_executed_global_stores","Warp level instructions for global stores",38000,38000,38000
"NVIDIA Tegra X1 (0)","void add_tensor_kernel_v3<int=2, float, float, int=32, int=1, int=4, int=2, int=2>(cudnnTensorStruct, float*, cudnnTensorStruct, float const *, float, float, int, int, int)",1,"inst_executed_local_loads","Warp level instructions for local loads",0,0,0
"NVIDIA Tegra X1 (0)","void add_tensor_kernel_v3<int=2, float, float, int=32, int=1, int=4, int=2, int=2>(cudnnTensorStruct, float*, cudnnTensorStruct, float const *, float, float, int, int, int)",1,"inst_executed_local_stores","Warp level instructions for local stores",0,0,0
"NVIDIA Tegra X1 (0)","void add_tensor_kernel_v3<int=2, float, float, int=32, int=1, int=4, int=2, int=2>(cudnnTensorStruct, float*, cudnnTensorStruct, float const *, float, float, int, int, int)",1,"inst_executed_shared_atomics","Warp level shared instructions for atom and atom CAS",0,0,0
"NVIDIA Tegra X1 (0)","void add_tensor_kernel_v3<int=2, float, float, int=32, int=1, int=4, int=2, int=2>(cudnnTensorStruct, float*, cudnnTensorStruct, float const *, float, float, int, int, int)",1,"inst_executed_shared_loads","Warp level instructions for shared loads",0,0,0
"NVIDIA Tegra X1 (0)","void add_tensor_kernel_v3<int=2, float, float, int=32, int=1, int=4, int=2, int=2>(cudnnTensorStruct, float*, cudnnTensorStruct, float const *, float, float, int, int, int)",1,"inst_executed_shared_stores","Warp level instructions for shared stores",0,0,0
"NVIDIA Tegra X1 (0)","void add_tensor_kernel_v3<int=2, float, float, int=32, int=1, int=4, int=2, int=2>(cudnnTensorStruct, float*, cudnnTensorStruct, float const *, float, float, int, int, int)",1,"inst_executed_surface_atomics","Warp level instructions for surface atom and atom cas",0,0,0
"NVIDIA Tegra X1 (0)","void add_tensor_kernel_v3<int=2, float, float, int=32, int=1, int=4, int=2, int=2>(cudnnTensorStruct, float*, cudnnTensorStruct, float const *, float, float, int, int, int)",1,"inst_executed_surface_loads","Warp level instructions for surface loads",0,0,0
"NVIDIA Tegra X1 (0)","void add_tensor_kernel_v3<int=2, float, float, int=32, int=1, int=4, int=2, int=2>(cudnnTensorStruct, float*, cudnnTensorStruct, float const *, float, float, int, int, int)",1,"inst_executed_surface_reductions","Warp level instructions for surface reductions",0,0,0
"NVIDIA Tegra X1 (0)","void add_tensor_kernel_v3<int=2, float, float, int=32, int=1, int=4, int=2, int=2>(cudnnTensorStruct, float*, cudnnTensorStruct, float const *, float, float, int, int, int)",1,"inst_executed_surface_stores","Warp level instructions for surface stores",0,0,0
"NVIDIA Tegra X1 (0)","void add_tensor_kernel_v3<int=2, float, float, int=32, int=1, int=4, int=2, int=2>(cudnnTensorStruct, float*, cudnnTensorStruct, float const *, float, float, int, int, int)",1,"inst_executed_tex_ops","Warp level instructions for texture",0,0,0
"NVIDIA Tegra X1 (0)","void add_tensor_kernel_v3<int=2, float, float, int=32, int=1, int=4, int=2, int=2>(cudnnTensorStruct, float*, cudnnTensorStruct, float const *, float, float, int, int, int)",1,"inst_integer","Integer Instructions",9086488,9086488,9086488
"NVIDIA Tegra X1 (0)","void add_tensor_kernel_v3<int=2, float, float, int=32, int=1, int=4, int=2, int=2>(cudnnTensorStruct, float*, cudnnTensorStruct, float const *, float, float, int, int, int)",1,"inst_inter_thread_communication","Inter-Thread Instructions",0,0,0
"NVIDIA Tegra X1 (0)","void add_tensor_kernel_v3<int=2, float, float, int=32, int=1, int=4, int=2, int=2>(cudnnTensorStruct, float*, cudnnTensorStruct, float const *, float, float, int, int, int)",1,"inst_issued","Instructions Issued",590310,590310,590310
"NVIDIA Tegra X1 (0)","void add_tensor_kernel_v3<int=2, float, float, int=32, int=1, int=4, int=2, int=2>(cudnnTensorStruct, float*, cudnnTensorStruct, float const *, float, float, int, int, int)",1,"inst_misc","Misc Instructions",1228000,1228000,1228000
"NVIDIA Tegra X1 (0)","void add_tensor_kernel_v3<int=2, float, float, int=32, int=1, int=4, int=2, int=2>(cudnnTensorStruct, float*, cudnnTensorStruct, float const *, float, float, int, int, int)",1,"inst_per_warp","Instructions per warp",590.000000,590.000000,590.000000
"NVIDIA Tegra X1 (0)","void add_tensor_kernel_v3<int=2, float, float, int=32, int=1, int=4, int=2, int=2>(cudnnTensorStruct, float*, cudnnTensorStruct, float const *, float, float, int, int, int)",1,"inst_replay_overhead","Instruction Replay Overhead",0.000664,0.000664,0.000664
"NVIDIA Tegra X1 (0)","void scalePackedTensor_kernel<float, float>(cudnnTensor4dStruct, float*, float)",1,"achieved_occupancy","Achieved Occupancy",0.702842,0.702842,0.702842
"NVIDIA Tegra X1 (0)","void scalePackedTensor_kernel<float, float>(cudnnTensor4dStruct, float*, float)",1,"ipc","Executed IPC",3.897037,3.897037,3.897037
"NVIDIA Tegra X1 (0)","void scalePackedTensor_kernel<float, float>(cudnnTensor4dStruct, float*, float)",1,"inst_executed","Instructions Executed",637072,637072,637072
"NVIDIA Tegra X1 (0)","void scalePackedTensor_kernel<float, float>(cudnnTensor4dStruct, float*, float)",1,"inst_fp_16","HP Instructions(Half)",0,0,0
"NVIDIA Tegra X1 (0)","void scalePackedTensor_kernel<float, float>(cudnnTensor4dStruct, float*, float)",1,"inst_fp_32","FP Instructions(Single)",784000,784000,784000
"NVIDIA Tegra X1 (0)","void scalePackedTensor_kernel<float, float>(cudnnTensor4dStruct, float*, float)",1,"inst_fp_64","FP Instructions(Double)",0,0,0
"NVIDIA Tegra X1 (0)","void scalePackedTensor_kernel<float, float>(cudnnTensor4dStruct, float*, float)",1,"l2_read_throughput","L2 Throughput (Reads)",52.520897MB/s,52.520897MB/s,52.520895MB/s
"NVIDIA Tegra X1 (0)","void scalePackedTensor_kernel<float, float>(cudnnTensor4dStruct, float*, float)",1,"l2_write_throughput","L2 Throughput (Writes)",8.031218GB/s,8.031218GB/s,8.031218GB/s
"NVIDIA Tegra X1 (0)","void scalePackedTensor_kernel<float, float>(cudnnTensor4dStruct, float*, float)",1,"sm_efficiency","Multiprocessor Activity",99.043392%,99.043392%,99.043392%
"NVIDIA Tegra X1 (0)","void scalePackedTensor_kernel<float, float>(cudnnTensor4dStruct, float*, float)",1,"sysmem_read_bytes","System Memory Read Bytes",0,0,0
"NVIDIA Tegra X1 (0)","void scalePackedTensor_kernel<float, float>(cudnnTensor4dStruct, float*, float)",1,"sysmem_read_throughput","System Memory Read Throughput",0.000000B/s,0.000000B/s,0.000000B/s
"NVIDIA Tegra X1 (0)","void scalePackedTensor_kernel<float, float>(cudnnTensor4dStruct, float*, float)",1,"sysmem_read_transactions","System Memory Read Transactions",0,0,0
"NVIDIA Tegra X1 (0)","void scalePackedTensor_kernel<float, float>(cudnnTensor4dStruct, float*, float)",1,"sysmem_write_bytes","System Memory Write Bytes",0,0,0
"NVIDIA Tegra X1 (0)","void scalePackedTensor_kernel<float, float>(cudnnTensor4dStruct, float*, float)",1,"sysmem_write_throughput","System Memory Write Throughput",0.000000B/s,0.000000B/s,0.000000B/s
"NVIDIA Tegra X1 (0)","void scalePackedTensor_kernel<float, float>(cudnnTensor4dStruct, float*, float)",1,"sysmem_write_transactions","System Memory Write Transactions",0,0,0
"NVIDIA Tegra X1 (0)","void scalePackedTensor_kernel<float, float>(cudnnTensor4dStruct, float*, float)",1,"flop_count_dp","Floating Point Operations(Double Precision)",0,0,0
"NVIDIA Tegra X1 (0)","void scalePackedTensor_kernel<float, float>(cudnnTensor4dStruct, float*, float)",1,"flop_count_dp_add","Floating Point Operations(Double Precision Add)",0,0,0
"NVIDIA Tegra X1 (0)","void scalePackedTensor_kernel<float, float>(cudnnTensor4dStruct, float*, float)",1,"flop_count_dp_fma","Floating Point Operations(Double Precision FMA)",0,0,0
"NVIDIA Tegra X1 (0)","void scalePackedTensor_kernel<float, float>(cudnnTensor4dStruct, float*, float)",1,"flop_count_dp_mul","Floating Point Operations(Double Precision Mul)",0,0,0
"NVIDIA Tegra X1 (0)","void scalePackedTensor_kernel<float, float>(cudnnTensor4dStruct, float*, float)",1,"flop_count_hp","Floating Point Operations(Half Precision)",0,0,0
"NVIDIA Tegra X1 (0)","void scalePackedTensor_kernel<float, float>(cudnnTensor4dStruct, float*, float)",1,"flop_count_hp_add","Floating Point Operations(Half Precision Add)",0,0,0
"NVIDIA Tegra X1 (0)","void scalePackedTensor_kernel<float, float>(cudnnTensor4dStruct, float*, float)",1,"flop_count_hp_fma","Floating Point Operations(Half Precision FMA)",0,0,0
"NVIDIA Tegra X1 (0)","void scalePackedTensor_kernel<float, float>(cudnnTensor4dStruct, float*, float)",1,"flop_count_hp_mul","Floating Point Operation(Half Precision Mul)",0,0,0
"NVIDIA Tegra X1 (0)","void scalePackedTensor_kernel<float, float>(cudnnTensor4dStruct, float*, float)",1,"flop_count_sp","Floating Point Operations(Single Precision)",0,0,0
"NVIDIA Tegra X1 (0)","void scalePackedTensor_kernel<float, float>(cudnnTensor4dStruct, float*, float)",1,"flop_count_sp_add","Floating Point Operations(Single Precision Add)",0,0,0
"NVIDIA Tegra X1 (0)","void scalePackedTensor_kernel<float, float>(cudnnTensor4dStruct, float*, float)",1,"flop_count_sp_fma","Floating Point Operations(Single Precision FMA)",0,0,0
"NVIDIA Tegra X1 (0)","void scalePackedTensor_kernel<float, float>(cudnnTensor4dStruct, float*, float)",1,"flop_count_sp_mul","Floating Point Operation(Single Precision Mul)",0,0,0
"NVIDIA Tegra X1 (0)","void scalePackedTensor_kernel<float, float>(cudnnTensor4dStruct, float*, float)",1,"flop_count_sp_special","Floating Point Operations(Single Precision Special)",0,0,0
"NVIDIA Tegra X1 (0)","void scalePackedTensor_kernel<float, float>(cudnnTensor4dStruct, float*, float)",1,"flop_dp_efficiency","FLOP Efficiency(Peak Double)",0.000000%,0.000000%,0.000000%
"NVIDIA Tegra X1 (0)","void scalePackedTensor_kernel<float, float>(cudnnTensor4dStruct, float*, float)",1,"flop_hp_efficiency","FLOP Efficiency(Peak Half)",0.000000%,0.000000%,0.000000%
"NVIDIA Tegra X1 (0)","void scalePackedTensor_kernel<float, float>(cudnnTensor4dStruct, float*, float)",1,"flop_sp_efficiency","FLOP Efficiency(Peak Single)",0.000000%,0.000000%,0.000000%
"NVIDIA Tegra X1 (0)","void scalePackedTensor_kernel<float, float>(cudnnTensor4dStruct, float*, float)",1,"inst_bit_convert","Bit-Convert Instructions",0,0,0
"NVIDIA Tegra X1 (0)","void scalePackedTensor_kernel<float, float>(cudnnTensor4dStruct, float*, float)",1,"inst_compute_ld_st","Load/Store Instructions",784000,784000,784000
"NVIDIA Tegra X1 (0)","void scalePackedTensor_kernel<float, float>(cudnnTensor4dStruct, float*, float)",1,"inst_executed_global_atomics","Warp level instructions for global atom and atom cas",0,0,0
"NVIDIA Tegra X1 (0)","void scalePackedTensor_kernel<float, float>(cudnnTensor4dStruct, float*, float)",1,"inst_executed_global_loads","Warp level instructions for global loads",0,0,0
"NVIDIA Tegra X1 (0)","void scalePackedTensor_kernel<float, float>(cudnnTensor4dStruct, float*, float)",1,"inst_executed_global_reductions","Warp level instructions for global reductions",0,0,0
"NVIDIA Tegra X1 (0)","void scalePackedTensor_kernel<float, float>(cudnnTensor4dStruct, float*, float)",1,"inst_executed_global_stores","Warp level instructions for global stores",24500,24500,24500
"NVIDIA Tegra X1 (0)","void scalePackedTensor_kernel<float, float>(cudnnTensor4dStruct, float*, float)",1,"inst_executed_local_loads","Warp level instructions for local loads",0,0,0
"NVIDIA Tegra X1 (0)","void scalePackedTensor_kernel<float, float>(cudnnTensor4dStruct, float*, float)",1,"inst_executed_local_stores","Warp level instructions for local stores",0,0,0
"NVIDIA Tegra X1 (0)","void scalePackedTensor_kernel<float, float>(cudnnTensor4dStruct, float*, float)",1,"inst_executed_shared_atomics","Warp level shared instructions for atom and atom CAS",0,0,0
"NVIDIA Tegra X1 (0)","void scalePackedTensor_kernel<float, float>(cudnnTensor4dStruct, float*, float)",1,"inst_executed_shared_loads","Warp level instructions for shared loads",0,0,0
"NVIDIA Tegra X1 (0)","void scalePackedTensor_kernel<float, float>(cudnnTensor4dStruct, float*, float)",1,"inst_executed_shared_stores","Warp level instructions for shared stores",0,0,0
"NVIDIA Tegra X1 (0)","void scalePackedTensor_kernel<float, float>(cudnnTensor4dStruct, float*, float)",1,"inst_executed_surface_atomics","Warp level instructions for surface atom and atom cas",0,0,0
"NVIDIA Tegra X1 (0)","void scalePackedTensor_kernel<float, float>(cudnnTensor4dStruct, float*, float)",1,"inst_executed_surface_loads","Warp level instructions for surface loads",0,0,0
"NVIDIA Tegra X1 (0)","void scalePackedTensor_kernel<float, float>(cudnnTensor4dStruct, float*, float)",1,"inst_executed_surface_reductions","Warp level instructions for surface reductions",0,0,0
"NVIDIA Tegra X1 (0)","void scalePackedTensor_kernel<float, float>(cudnnTensor4dStruct, float*, float)",1,"inst_executed_surface_stores","Warp level instructions for surface stores",0,0,0
"NVIDIA Tegra X1 (0)","void scalePackedTensor_kernel<float, float>(cudnnTensor4dStruct, float*, float)",1,"inst_executed_tex_ops","Warp level instructions for texture",0,0,0
"NVIDIA Tegra X1 (0)","void scalePackedTensor_kernel<float, float>(cudnnTensor4dStruct, float*, float)",1,"inst_integer","Integer Instructions",12545664,12545664,12545664
"NVIDIA Tegra X1 (0)","void scalePackedTensor_kernel<float, float>(cudnnTensor4dStruct, float*, float)",1,"inst_inter_thread_communication","Inter-Thread Instructions",0,0,0
"NVIDIA Tegra X1 (0)","void scalePackedTensor_kernel<float, float>(cudnnTensor4dStruct, float*, float)",1,"inst_issued","Instructions Issued",637264,637264,637264
"NVIDIA Tegra X1 (0)","void scalePackedTensor_kernel<float, float>(cudnnTensor4dStruct, float*, float)",1,"inst_misc","Misc Instructions",3920512,3920512,3920512
"NVIDIA Tegra X1 (0)","void scalePackedTensor_kernel<float, float>(cudnnTensor4dStruct, float*, float)",1,"inst_per_warp","Instructions per warp",25.998694,25.998694,25.998694
"NVIDIA Tegra X1 (0)","void scalePackedTensor_kernel<float, float>(cudnnTensor4dStruct, float*, float)",1,"inst_replay_overhead","Instruction Replay Overhead",0.000301,0.000301,0.000301
"NVIDIA Tegra X1 (0)","void cudnn::detail::dgrad_engine<float, int=128, int=6, int=8, int=3, int=3, int=5, bool=1>(int, int, int, float const *, int, float const , int, cudnn::detail::dgrad_engine<float, int=128, int=6, int=8, int=3, int=3, int=5, bool=1>*, kernel_grad_params, int, int, float, int, int, int)",1,"achieved_occupancy","Achieved Occupancy",0.228388,0.228388,0.228388
"NVIDIA Tegra X1 (0)","void cudnn::detail::dgrad_engine<float, int=128, int=6, int=8, int=3, int=3, int=5, bool=1>(int, int, int, float const *, int, float const , int, cudnn::detail::dgrad_engine<float, int=128, int=6, int=8, int=3, int=3, int=5, bool=1>*, kernel_grad_params, int, int, float, int, int, int)",1,"ipc","Executed IPC",2.575299,2.575299,2.575299
"NVIDIA Tegra X1 (0)","void cudnn::detail::dgrad_engine<float, int=128, int=6, int=8, int=3, int=3, int=5, bool=1>(int, int, int, float const *, int, float const , int, cudnn::detail::dgrad_engine<float, int=128, int=6, int=8, int=3, int=3, int=5, bool=1>*, kernel_grad_params, int, int, float, int, int, int)",1,"inst_executed","Instructions Executed",35481000,35481000,35481000
"NVIDIA Tegra X1 (0)","void cudnn::detail::dgrad_engine<float, int=128, int=6, int=8, int=3, int=3, int=5, bool=1>(int, int, int, float const *, int, float const , int, cudnn::detail::dgrad_engine<float, int=128, int=6, int=8, int=3, int=3, int=5, bool=1>*, kernel_grad_params, int, int, float, int, int, int)",1,"inst_fp_16","HP Instructions(Half)",0,0,0
"NVIDIA Tegra X1 (0)","void cudnn::detail::dgrad_engine<float, int=128, int=6, int=8, int=3, int=3, int=5, bool=1>(int, int, int, float const *, int, float const , int, cudnn::detail::dgrad_engine<float, int=128, int=6, int=8, int=3, int=3, int=5, bool=1>*, kernel_grad_params, int, int, float, int, int, int)",1,"inst_fp_32","FP Instructions(Single)",529472000,529472000,529472000
"NVIDIA Tegra X1 (0)","void cudnn::detail::dgrad_engine<float, int=128, int=6, int=8, int=3, int=3, int=5, bool=1>(int, int, int, float const *, int, float const , int, cudnn::detail::dgrad_engine<float, int=128, int=6, int=8, int=3, int=3, int=5, bool=1>*, kernel_grad_params, int, int, float, int, int, int)",1,"inst_fp_64","FP Instructions(Double)",0,0,0
"NVIDIA Tegra X1 (0)","void cudnn::detail::dgrad_engine<float, int=128, int=6, int=8, int=3, int=3, int=5, bool=1>(int, int, int, float const *, int, float const , int, cudnn::detail::dgrad_engine<float, int=128, int=6, int=8, int=3, int=3, int=5, bool=1>*, kernel_grad_params, int, int, float, int, int, int)",1,"l2_read_throughput","L2 Throughput (Reads)",12.560879GB/s,12.560879GB/s,12.560879GB/s
"NVIDIA Tegra X1 (0)","void cudnn::detail::dgrad_engine<float, int=128, int=6, int=8, int=3, int=3, int=5, bool=1>(int, int, int, float const *, int, float const , int, cudnn::detail::dgrad_engine<float, int=128, int=6, int=8, int=3, int=3, int=5, bool=1>*, kernel_grad_params, int, int, float, int, int, int)",1,"l2_write_throughput","L2 Throughput (Writes)",8.782703GB/s,8.782703GB/s,8.782703GB/s
"NVIDIA Tegra X1 (0)","void cudnn::detail::dgrad_engine<float, int=128, int=6, int=8, int=3, int=3, int=5, bool=1>(int, int, int, float const *, int, float const , int, cudnn::detail::dgrad_engine<float, int=128, int=6, int=8, int=3, int=3, int=5, bool=1>*, kernel_grad_params, int, int, float, int, int, int)",1,"sm_efficiency","Multiprocessor Activity",99.987411%,99.987411%,99.987411%
"NVIDIA Tegra X1 (0)","void cudnn::detail::dgrad_engine<float, int=128, int=6, int=8, int=3, int=3, int=5, bool=1>(int, int, int, float const *, int, float const , int, cudnn::detail::dgrad_engine<float, int=128, int=6, int=8, int=3, int=3, int=5, bool=1>*, kernel_grad_params, int, int, float, int, int, int)",1,"sysmem_read_bytes","System Memory Read Bytes",0,0,0
"NVIDIA Tegra X1 (0)","void cudnn::detail::dgrad_engine<float, int=128, int=6, int=8, int=3, int=3, int=5, bool=1>(int, int, int, float const *, int, float const , int, cudnn::detail::dgrad_engine<float, int=128, int=6, int=8, int=3, int=3, int=5, bool=1>*, kernel_grad_params, int, int, float, int, int, int)",1,"sysmem_read_throughput","System Memory Read Throughput",0.000000B/s,0.000000B/s,0.000000B/s
"NVIDIA Tegra X1 (0)","void cudnn::detail::dgrad_engine<float, int=128, int=6, int=8, int=3, int=3, int=5, bool=1>(int, int, int, float const *, int, float const , int, cudnn::detail::dgrad_engine<float, int=128, int=6, int=8, int=3, int=3, int=5, bool=1>*, kernel_grad_params, int, int, float, int, int, int)",1,"sysmem_read_transactions","System Memory Read Transactions",0,0,0
"NVIDIA Tegra X1 (0)","void cudnn::detail::dgrad_engine<float, int=128, int=6, int=8, int=3, int=3, int=5, bool=1>(int, int, int, float const *, int, float const , int, cudnn::detail::dgrad_engine<float, int=128, int=6, int=8, int=3, int=3, int=5, bool=1>*, kernel_grad_params, int, int, float, int, int, int)",1,"sysmem_write_bytes","System Memory Write Bytes",0,0,0
"NVIDIA Tegra X1 (0)","void cudnn::detail::dgrad_engine<float, int=128, int=6, int=8, int=3, int=3, int=5, bool=1>(int, int, int, float const *, int, float const , int, cudnn::detail::dgrad_engine<float, int=128, int=6, int=8, int=3, int=3, int=5, bool=1>*, kernel_grad_params, int, int, float, int, int, int)",1,"sysmem_write_throughput","System Memory Write Throughput",0.000000B/s,0.000000B/s,0.000000B/s
"NVIDIA Tegra X1 (0)","void cudnn::detail::dgrad_engine<float, int=128, int=6, int=8, int=3, int=3, int=5, bool=1>(int, int, int, float const *, int, float const , int, cudnn::detail::dgrad_engine<float, int=128, int=6, int=8, int=3, int=3, int=5, bool=1>*, kernel_grad_params, int, int, float, int, int, int)",1,"sysmem_write_transactions","System Memory Write Transactions",0,0,0
"NVIDIA Tegra X1 (0)","void cudnn::detail::dgrad_engine<float, int=128, int=6, int=8, int=3, int=3, int=5, bool=1>(int, int, int, float const *, int, float const , int, cudnn::detail::dgrad_engine<float, int=128, int=6, int=8, int=3, int=3, int=5, bool=1>*, kernel_grad_params, int, int, float, int, int, int)",1,"flop_count_dp","Floating Point Operations(Double Precision)",0,0,0
"NVIDIA Tegra X1 (0)","void cudnn::detail::dgrad_engine<float, int=128, int=6, int=8, int=3, int=3, int=5, bool=1>(int, int, int, float const *, int, float const , int, cudnn::detail::dgrad_engine<float, int=128, int=6, int=8, int=3, int=3, int=5, bool=1>*, kernel_grad_params, int, int, float, int, int, int)",1,"flop_count_dp_add","Floating Point Operations(Double Precision Add)",0,0,0
"NVIDIA Tegra X1 (0)","void cudnn::detail::dgrad_engine<float, int=128, int=6, int=8, int=3, int=3, int=5, bool=1>(int, int, int, float const *, int, float const , int, cudnn::detail::dgrad_engine<float, int=128, int=6, int=8, int=3, int=3, int=5, bool=1>*, kernel_grad_params, int, int, float, int, int, int)",1,"flop_count_dp_fma","Floating Point Operations(Double Precision FMA)",0,0,0
"NVIDIA Tegra X1 (0)","void cudnn::detail::dgrad_engine<float, int=128, int=6, int=8, int=3, int=3, int=5, bool=1>(int, int, int, float const *, int, float const , int, cudnn::detail::dgrad_engine<float, int=128, int=6, int=8, int=3, int=3, int=5, bool=1>*, kernel_grad_params, int, int, float, int, int, int)",1,"flop_count_dp_mul","Floating Point Operations(Double Precision Mul)",0,0,0
"NVIDIA Tegra X1 (0)","void cudnn::detail::dgrad_engine<float, int=128, int=6, int=8, int=3, int=3, int=5, bool=1>(int, int, int, float const *, int, float const , int, cudnn::detail::dgrad_engine<float, int=128, int=6, int=8, int=3, int=3, int=5, bool=1>*, kernel_grad_params, int, int, float, int, int, int)",1,"flop_count_hp","Floating Point Operations(Half Precision)",0,0,0
"NVIDIA Tegra X1 (0)","void cudnn::detail::dgrad_engine<float, int=128, int=6, int=8, int=3, int=3, int=5, bool=1>(int, int, int, float const *, int, float const , int, cudnn::detail::dgrad_engine<float, int=128, int=6, int=8, int=3, int=3, int=5, bool=1>*, kernel_grad_params, int, int, float, int, int, int)",1,"flop_count_hp_add","Floating Point Operations(Half Precision Add)",0,0,0
"NVIDIA Tegra X1 (0)","void cudnn::detail::dgrad_engine<float, int=128, int=6, int=8, int=3, int=3, int=5, bool=1>(int, int, int, float const *, int, float const , int, cudnn::detail::dgrad_engine<float, int=128, int=6, int=8, int=3, int=3, int=5, bool=1>*, kernel_grad_params, int, int, float, int, int, int)",1,"flop_count_hp_fma","Floating Point Operations(Half Precision FMA)",0,0,0
"NVIDIA Tegra X1 (0)","void cudnn::detail::dgrad_engine<float, int=128, int=6, int=8, int=3, int=3, int=5, bool=1>(int, int, int, float const *, int, float const , int, cudnn::detail::dgrad_engine<float, int=128, int=6, int=8, int=3, int=3, int=5, bool=1>*, kernel_grad_params, int, int, float, int, int, int)",1,"flop_count_hp_mul","Floating Point Operation(Half Precision Mul)",0,0,0
"NVIDIA Tegra X1 (0)","void cudnn::detail::dgrad_engine<float, int=128, int=6, int=8, int=3, int=3, int=5, bool=1>(int, int, int, float const *, int, float const , int, cudnn::detail::dgrad_engine<float, int=128, int=6, int=8, int=3, int=3, int=5, bool=1>*, kernel_grad_params, int, int, float, int, int, int)",1,"flop_count_sp","Floating Point Operations(Single Precision)",1053760000,1053760000,1053760000
"NVIDIA Tegra X1 (0)","void cudnn::detail::dgrad_engine<float, int=128, int=6, int=8, int=3, int=3, int=5, bool=1>(int, int, int, float const *, int, float const , int, cudnn::detail::dgrad_engine<float, int=128, int=6, int=8, int=3, int=3, int=5, bool=1>*, kernel_grad_params, int, int, float, int, int, int)",1,"flop_count_sp_add","Floating Point Operations(Single Precision Add)",0,0,0
"NVIDIA Tegra X1 (0)","void cudnn::detail::dgrad_engine<float, int=128, int=6, int=8, int=3, int=3, int=5, bool=1>(int, int, int, float const *, int, float const , int, cudnn::detail::dgrad_engine<float, int=128, int=6, int=8, int=3, int=3, int=5, bool=1>*, kernel_grad_params, int, int, float, int, int, int)",1,"flop_count_sp_fma","Floating Point Operations(Single Precision FMA)",524288000,524288000,524288000
"NVIDIA Tegra X1 (0)","void cudnn::detail::dgrad_engine<float, int=128, int=6, int=8, int=3, int=3, int=5, bool=1>(int, int, int, float const *, int, float const , int, cudnn::detail::dgrad_engine<float, int=128, int=6, int=8, int=3, int=3, int=5, bool=1>*, kernel_grad_params, int, int, float, int, int, int)",1,"flop_count_sp_mul","Floating Point Operation(Single Precision Mul)",5184000,5184000,5184000
"NVIDIA Tegra X1 (0)","void cudnn::detail::dgrad_engine<float, int=128, int=6, int=8, int=3, int=3, int=5, bool=1>(int, int, int, float const *, int, float const , int, cudnn::detail::dgrad_engine<float, int=128, int=6, int=8, int=3, int=3, int=5, bool=1>*, kernel_grad_params, int, int, float, int, int, int)",1,"flop_count_sp_special","Floating Point Operations(Single Precision Special)",0,0,0
"NVIDIA Tegra X1 (0)","void cudnn::detail::dgrad_engine<float, int=128, int=6, int=8, int=3, int=3, int=5, bool=1>(int, int, int, float const *, int, float const , int, cudnn::detail::dgrad_engine<float, int=128, int=6, int=8, int=3, int=3, int=5, bool=1>*, kernel_grad_params, int, int, float, int, int, int)",1,"flop_dp_efficiency","FLOP Efficiency(Peak Double)",0.000000%,0.000000%,0.000000%
"NVIDIA Tegra X1 (0)","void cudnn::detail::dgrad_engine<float, int=128, int=6, int=8, int=3, int=3, int=5, bool=1>(int, int, int, float const *, int, float const , int, cudnn::detail::dgrad_engine<float, int=128, int=6, int=8, int=3, int=3, int=5, bool=1>*, kernel_grad_params, int, int, float, int, int, int)",1,"flop_hp_efficiency","FLOP Efficiency(Peak Half)",0.000000%,0.000000%,0.000000%
"NVIDIA Tegra X1 (0)","void cudnn::detail::dgrad_engine<float, int=128, int=6, int=8, int=3, int=3, int=5, bool=1>(int, int, int, float const *, int, float const , int, cudnn::detail::dgrad_engine<float, int=128, int=6, int=8, int=3, int=3, int=5, bool=1>*, kernel_grad_params, int, int, float, int, int, int)",1,"flop_sp_efficiency","FLOP Efficiency(Peak Single)",29.935060%,29.935060%,29.935060%
"NVIDIA Tegra X1 (0)","void cudnn::detail::dgrad_engine<float, int=128, int=6, int=8, int=3, int=3, int=5, bool=1>(int, int, int, float const *, int, float const , int, cudnn::detail::dgrad_engine<float, int=128, int=6, int=8, int=3, int=3, int=5, bool=1>*, kernel_grad_params, int, int, float, int, int, int)",1,"inst_bit_convert","Bit-Convert Instructions",0,0,0
"NVIDIA Tegra X1 (0)","void cudnn::detail::dgrad_engine<float, int=128, int=6, int=8, int=3, int=3, int=5, bool=1>(int, int, int, float const *, int, float const , int, cudnn::detail::dgrad_engine<float, int=128, int=6, int=8, int=3, int=3, int=5, bool=1>*, kernel_grad_params, int, int, float, int, int, int)",1,"inst_compute_ld_st","Load/Store Instructions",58432000,58432000,58432000
"NVIDIA Tegra X1 (0)","void cudnn::detail::dgrad_engine<float, int=128, int=6, int=8, int=3, int=3, int=5, bool=1>(int, int, int, float const *, int, float const , int, cudnn::detail::dgrad_engine<float, int=128, int=6, int=8, int=3, int=3, int=5, bool=1>*, kernel_grad_params, int, int, float, int, int, int)",1,"inst_executed_global_atomics","Warp level instructions for global atom and atom cas",0,0,0
"NVIDIA Tegra X1 (0)","void cudnn::detail::dgrad_engine<float, int=128, int=6, int=8, int=3, int=3, int=5, bool=1>(int, int, int, float const *, int, float const , int, cudnn::detail::dgrad_engine<float, int=128, int=6, int=8, int=3, int=3, int=5, bool=1>*, kernel_grad_params, int, int, float, int, int, int)",1,"inst_executed_global_loads","Warp level instructions for global loads",0,0,0
"NVIDIA Tegra X1 (0)","void cudnn::detail::dgrad_engine<float, int=128, int=6, int=8, int=3, int=3, int=5, bool=1>(int, int, int, float const *, int, float const , int, cudnn::detail::dgrad_engine<float, int=128, int=6, int=8, int=3, int=3, int=5, bool=1>*, kernel_grad_params, int, int, float, int, int, int)",1,"inst_executed_global_reductions","Warp level instructions for global reductions",288000,288000,288000
"NVIDIA Tegra X1 (0)","void cudnn::detail::dgrad_engine<float, int=128, int=6, int=8, int=3, int=3, int=5, bool=1>(int, int, int, float const *, int, float const , int, cudnn::detail::dgrad_engine<float, int=128, int=6, int=8, int=3, int=3, int=5, bool=1>*, kernel_grad_params, int, int, float, int, int, int)",1,"inst_executed_global_stores","Warp level instructions for global stores",0,0,0
"NVIDIA Tegra X1 (0)","void cudnn::detail::dgrad_engine<float, int=128, int=6, int=8, int=3, int=3, int=5, bool=1>(int, int, int, float const *, int, float const , int, cudnn::detail::dgrad_engine<float, int=128, int=6, int=8, int=3, int=3, int=5, bool=1>*, kernel_grad_params, int, int, float, int, int, int)",1,"inst_executed_local_loads","Warp level instructions for local loads",0,0,0
"NVIDIA Tegra X1 (0)","void cudnn::detail::dgrad_engine<float, int=128, int=6, int=8, int=3, int=3, int=5, bool=1>(int, int, int, float const *, int, float const , int, cudnn::detail::dgrad_engine<float, int=128, int=6, int=8, int=3, int=3, int=5, bool=1>*, kernel_grad_params, int, int, float, int, int, int)",1,"inst_executed_local_stores","Warp level instructions for local stores",0,0,0
"NVIDIA Tegra X1 (0)","void cudnn::detail::dgrad_engine<float, int=128, int=6, int=8, int=3, int=3, int=5, bool=1>(int, int, int, float const *, int, float const , int, cudnn::detail::dgrad_engine<float, int=128, int=6, int=8, int=3, int=3, int=5, bool=1>*, kernel_grad_params, int, int, float, int, int, int)",1,"inst_executed_shared_atomics","Warp level shared instructions for atom and atom CAS",0,0,0
"NVIDIA Tegra X1 (0)","void cudnn::detail::dgrad_engine<float, int=128, int=6, int=8, int=3, int=3, int=5, bool=1>(int, int, int, float const *, int, float const , int, cudnn::detail::dgrad_engine<float, int=128, int=6, int=8, int=3, int=3, int=5, bool=1>*, kernel_grad_params, int, int, float, int, int, int)",1,"inst_executed_shared_loads","Warp level instructions for shared loads",1024000,1024000,1024000
"NVIDIA Tegra X1 (0)","void cudnn::detail::dgrad_engine<float, int=128, int=6, int=8, int=3, int=3, int=5, bool=1>(int, int, int, float const *, int, float const , int, cudnn::detail::dgrad_engine<float, int=128, int=6, int=8, int=3, int=3, int=5, bool=1>*, kernel_grad_params, int, int, float, int, int, int)",1,"inst_executed_shared_stores","Warp level instructions for shared stores",320000,320000,320000
"NVIDIA Tegra X1 (0)","void cudnn::detail::dgrad_engine<float, int=128, int=6, int=8, int=3, int=3, int=5, bool=1>(int, int, int, float const *, int, float const , int, cudnn::detail::dgrad_engine<float, int=128, int=6, int=8, int=3, int=3, int=5, bool=1>*, kernel_grad_params, int, int, float, int, int, int)",1,"inst_executed_surface_atomics","Warp level instructions for surface atom and atom cas",0,0,0
"NVIDIA Tegra X1 (0)","void cudnn::detail::dgrad_engine<float, int=128, int=6, int=8, int=3, int=3, int=5, bool=1>(int, int, int, float const *, int, float const , int, cudnn::detail::dgrad_engine<float, int=128, int=6, int=8, int=3, int=3, int=5, bool=1>*, kernel_grad_params, int, int, float, int, int, int)",1,"inst_executed_surface_loads","Warp level instructions for surface loads",0,0,0
"NVIDIA Tegra X1 (0)","void cudnn::detail::dgrad_engine<float, int=128, int=6, int=8, int=3, int=3, int=5, bool=1>(int, int, int, float const *, int, float const , int, cudnn::detail::dgrad_engine<float, int=128, int=6, int=8, int=3, int=3, int=5, bool=1>*, kernel_grad_params, int, int, float, int, int, int)",1,"inst_executed_surface_reductions","Warp level instructions for surface reductions",0,0,0
"NVIDIA Tegra X1 (0)","void cudnn::detail::dgrad_engine<float, int=128, int=6, int=8, int=3, int=3, int=5, bool=1>(int, int, int, float const *, int, float const , int, cudnn::detail::dgrad_engine<float, int=128, int=6, int=8, int=3, int=3, int=5, bool=1>*, kernel_grad_params, int, int, float, int, int, int)",1,"inst_executed_surface_stores","Warp level instructions for surface stores",0,0,0
"NVIDIA Tegra X1 (0)","void cudnn::detail::dgrad_engine<float, int=128, int=6, int=8, int=3, int=3, int=5, bool=1>(int, int, int, float const *, int, float const , int, cudnn::detail::dgrad_engine<float, int=128, int=6, int=8, int=3, int=3, int=5, bool=1>*, kernel_grad_params, int, int, float, int, int, int)",1,"inst_executed_tex_ops","Warp level instructions for texture",320000,320000,320000
"NVIDIA Tegra X1 (0)","void cudnn::detail::dgrad_engine<float, int=128, int=6, int=8, int=3, int=3, int=5, bool=1>(int, int, int, float const *, int, float const , int, cudnn::detail::dgrad_engine<float, int=128, int=6, int=8, int=3, int=3, int=5, bool=1>*, kernel_grad_params, int, int, float, int, int, int)",1,"inst_integer","Integer Instructions",293248000,293248000,293248000
"NVIDIA Tegra X1 (0)","void cudnn::detail::dgrad_engine<float, int=128, int=6, int=8, int=3, int=3, int=5, bool=1>(int, int, int, float const *, int, float const , int, cudnn::detail::dgrad_engine<float, int=128, int=6, int=8, int=3, int=3, int=5, bool=1>*, kernel_grad_params, int, int, float, int, int, int)",1,"inst_inter_thread_communication","Inter-Thread Instructions",0,0,0
"NVIDIA Tegra X1 (0)","void cudnn::detail::dgrad_engine<float, int=128, int=6, int=8, int=3, int=3, int=5, bool=1>(int, int, int, float const *, int, float const , int, cudnn::detail::dgrad_engine<float, int=128, int=6, int=8, int=3, int=3, int=5, bool=1>*, kernel_grad_params, int, int, float, int, int, int)",1,"inst_issued","Instructions Issued",35482455,35482455,35482455
"NVIDIA Tegra X1 (0)","void cudnn::detail::dgrad_engine<float, int=128, int=6, int=8, int=3, int=3, int=5, bool=1>(int, int, int, float const *, int, float const , int, cudnn::detail::dgrad_engine<float, int=128, int=6, int=8, int=3, int=3, int=5, bool=1>*, kernel_grad_params, int, int, float, int, int, int)",1,"inst_misc","Misc Instructions",45184000,45184000,45184000
"NVIDIA Tegra X1 (0)","void cudnn::detail::dgrad_engine<float, int=128, int=6, int=8, int=3, int=3, int=5, bool=1>(int, int, int, float const *, int, float const , int, cudnn::detail::dgrad_engine<float, int=128, int=6, int=8, int=3, int=3, int=5, bool=1>*, kernel_grad_params, int, int, float, int, int, int)",1,"inst_per_warp","Instructions per warp",4435.125000,4435.125000,4435.125000
"NVIDIA Tegra X1 (0)","void cudnn::detail::dgrad_engine<float, int=128, int=6, int=8, int=3, int=3, int=5, bool=1>(int, int, int, float const *, int, float const , int, cudnn::detail::dgrad_engine<float, int=128, int=6, int=8, int=3, int=3, int=5, bool=1>*, kernel_grad_params, int, int, float, int, int, int)",1,"inst_replay_overhead","Instruction Replay Overhead",0.000041,0.000041,0.000041
