==4309== NVPROF is profiling process 4309, command: python TorchDCNNHalf.py mnist 2 512
==4309== Some kernel(s) will be replayed on device 0 in order to collect all events/metrics.
==4309== Profiling application: python TorchDCNNHalf.py mnist 2 512
==4309== Profiling result:
==4309== Metric result:
"Device","Kernel","Invocations","Metric Name","Metric Description","Min","Max","Avg"
"NVIDIA Tegra X1 (0)","void fft2d_r2c_32x32<__half, bool=0, unsigned int=1, bool=0>(float2*, __half const *, int, int, int, int, int, int, int, int, int, cudnn::reduced_divisor, bool, int2, int, int)",1,"achieved_occupancy","Achieved Occupancy",0.247654,0.247654,0.247654
"NVIDIA Tegra X1 (0)","void fft2d_r2c_32x32<__half, bool=0, unsigned int=1, bool=0>(float2*, __half const *, int, int, int, int, int, int, int, int, int, cudnn::reduced_divisor, bool, int2, int, int)",1,"ipc","Executed IPC",2.056484,2.056484,2.056484
"NVIDIA Tegra X1 (0)","void fft2d_r2c_32x32<__half, bool=0, unsigned int=1, bool=0>(float2*, __half const *, int, int, int, int, int, int, int, int, int, cudnn::reduced_divisor, bool, int2, int, int)",1,"l2_read_throughput","L2 Throughput (Reads)",205.338203MB/s,205.338203MB/s,205.338202MB/s
"NVIDIA Tegra X1 (0)","void fft2d_r2c_32x32<__half, bool=0, unsigned int=1, bool=0>(float2*, __half const *, int, int, int, int, int, int, int, int, int, cudnn::reduced_divisor, bool, int2, int, int)",1,"l2_write_throughput","L2 Throughput (Writes)",6.097011GB/s,6.097011GB/s,6.097011GB/s
"NVIDIA Tegra X1 (0)","void fft2d_r2c_32x32<__half, bool=0, unsigned int=1, bool=0>(float2*, __half const *, int, int, int, int, int, int, int, int, int, cudnn::reduced_divisor, bool, int2, int, int)",1,"sm_efficiency","Multiprocessor Activity",98.916039%,98.916039%,98.916039%
"NVIDIA Tegra X1 (0)","void fft2d_r2c_32x32<__half, bool=0, unsigned int=1, bool=0>(float2*, __half const *, int, int, int, int, int, int, int, int, int, cudnn::reduced_divisor, bool, int2, int, int)",1,"flop_count_dp","Floating Point Operations(Double Precision)",0,0,0
"NVIDIA Tegra X1 (0)","void fft2d_r2c_32x32<__half, bool=0, unsigned int=1, bool=0>(float2*, __half const *, int, int, int, int, int, int, int, int, int, cudnn::reduced_divisor, bool, int2, int, int)",1,"flop_count_dp_add","Floating Point Operations(Double Precision Add)",0,0,0
"NVIDIA Tegra X1 (0)","void fft2d_r2c_32x32<__half, bool=0, unsigned int=1, bool=0>(float2*, __half const *, int, int, int, int, int, int, int, int, int, cudnn::reduced_divisor, bool, int2, int, int)",1,"flop_count_dp_fma","Floating Point Operations(Double Precision FMA)",0,0,0
"NVIDIA Tegra X1 (0)","void fft2d_r2c_32x32<__half, bool=0, unsigned int=1, bool=0>(float2*, __half const *, int, int, int, int, int, int, int, int, int, cudnn::reduced_divisor, bool, int2, int, int)",1,"flop_count_dp_mul","Floating Point Operations(Double Precision Mul)",0,0,0
"NVIDIA Tegra X1 (0)","void fft2d_r2c_32x32<__half, bool=0, unsigned int=1, bool=0>(float2*, __half const *, int, int, int, int, int, int, int, int, int, cudnn::reduced_divisor, bool, int2, int, int)",1,"flop_count_hp","Floating Point Operations(Half Precision)",0,0,0
"NVIDIA Tegra X1 (0)","void fft2d_r2c_32x32<__half, bool=0, unsigned int=1, bool=0>(float2*, __half const *, int, int, int, int, int, int, int, int, int, cudnn::reduced_divisor, bool, int2, int, int)",1,"flop_count_hp_add","Floating Point Operations(Half Precision Add)",0,0,0
"NVIDIA Tegra X1 (0)","void fft2d_r2c_32x32<__half, bool=0, unsigned int=1, bool=0>(float2*, __half const *, int, int, int, int, int, int, int, int, int, cudnn::reduced_divisor, bool, int2, int, int)",1,"flop_count_hp_fma","Floating Point Operations(Half Precision FMA)",0,0,0
"NVIDIA Tegra X1 (0)","void fft2d_r2c_32x32<__half, bool=0, unsigned int=1, bool=0>(float2*, __half const *, int, int, int, int, int, int, int, int, int, cudnn::reduced_divisor, bool, int2, int, int)",1,"flop_count_hp_mul","Floating Point Operation(Half Precision Mul)",0,0,0
"NVIDIA Tegra X1 (0)","void fft2d_r2c_32x32<__half, bool=0, unsigned int=1, bool=0>(float2*, __half const *, int, int, int, int, int, int, int, int, int, cudnn::reduced_divisor, bool, int2, int, int)",1,"flop_count_sp","Floating Point Operations(Single Precision)",23117824,23117824,23117824
"NVIDIA Tegra X1 (0)","void fft2d_r2c_32x32<__half, bool=0, unsigned int=1, bool=0>(float2*, __half const *, int, int, int, int, int, int, int, int, int, cudnn::reduced_divisor, bool, int2, int, int)",1,"flop_count_sp_add","Floating Point Operations(Single Precision Add)",9535488,9535488,9535488
"NVIDIA Tegra X1 (0)","void fft2d_r2c_32x32<__half, bool=0, unsigned int=1, bool=0>(float2*, __half const *, int, int, int, int, int, int, int, int, int, cudnn::reduced_divisor, bool, int2, int, int)",1,"flop_count_sp_fma","Floating Point Operations(Single Precision FMA)",5603328,5603328,5603328
"NVIDIA Tegra X1 (0)","void fft2d_r2c_32x32<__half, bool=0, unsigned int=1, bool=0>(float2*, __half const *, int, int, int, int, int, int, int, int, int, cudnn::reduced_divisor, bool, int2, int, int)",1,"flop_count_sp_mul","Floating Point Operation(Single Precision Mul)",2375680,2375680,2375680
"NVIDIA Tegra X1 (0)","void fft2d_r2c_32x32<__half, bool=0, unsigned int=1, bool=0>(float2*, __half const *, int, int, int, int, int, int, int, int, int, cudnn::reduced_divisor, bool, int2, int, int)",1,"flop_count_sp_special","Floating Point Operations(Single Precision Special)",0,0,0
"NVIDIA Tegra X1 (0)","void fft2d_r2c_32x32<__half, bool=0, unsigned int=1, bool=0>(float2*, __half const *, int, int, int, int, int, int, int, int, int, cudnn::reduced_divisor, bool, int2, int, int)",1,"flop_dp_efficiency","FLOP Efficiency(Peak Double)",0.000000%,0.000000%,0.000000%
"NVIDIA Tegra X1 (0)","void fft2d_r2c_32x32<__half, bool=0, unsigned int=1, bool=0>(float2*, __half const *, int, int, int, int, int, int, int, int, int, cudnn::reduced_divisor, bool, int2, int, int)",1,"flop_hp_efficiency","FLOP Efficiency(Peak Half)",0.000000%,0.000000%,0.000000%
"NVIDIA Tegra X1 (0)","void fft2d_r2c_32x32<__half, bool=0, unsigned int=1, bool=0>(float2*, __half const *, int, int, int, int, int, int, int, int, int, cudnn::reduced_divisor, bool, int2, int, int)",1,"flop_sp_efficiency","FLOP Efficiency(Peak Single)",14.420445%,14.420445%,14.420445%
"NVIDIA Tegra X1 (0)","void fft2d_r2c_32x32<__half, bool=1, unsigned int=0, bool=0>(float2*, __half const *, int, int, int, int, int, int, int, int, int, cudnn::reduced_divisor, bool, int2, int, int)",1,"achieved_occupancy","Achieved Occupancy",0.240196,0.240196,0.240196
"NVIDIA Tegra X1 (0)","void fft2d_r2c_32x32<__half, bool=1, unsigned int=0, bool=0>(float2*, __half const *, int, int, int, int, int, int, int, int, int, cudnn::reduced_divisor, bool, int2, int, int)",1,"ipc","Executed IPC",1.415600,1.415600,1.415600
"NVIDIA Tegra X1 (0)","void fft2d_r2c_32x32<__half, bool=1, unsigned int=0, bool=0>(float2*, __half const *, int, int, int, int, int, int, int, int, int, cudnn::reduced_divisor, bool, int2, int, int)",1,"l2_read_throughput","L2 Throughput (Reads)",74.302171MB/s,74.302171MB/s,74.302170MB/s
"NVIDIA Tegra X1 (0)","void fft2d_r2c_32x32<__half, bool=1, unsigned int=0, bool=0>(float2*, __half const *, int, int, int, int, int, int, int, int, int, cudnn::reduced_divisor, bool, int2, int, int)",1,"l2_write_throughput","L2 Throughput (Writes)",4.523744GB/s,4.523744GB/s,4.523744GB/s
"NVIDIA Tegra X1 (0)","void fft2d_r2c_32x32<__half, bool=1, unsigned int=0, bool=0>(float2*, __half const *, int, int, int, int, int, int, int, int, int, cudnn::reduced_divisor, bool, int2, int, int)",1,"sm_efficiency","Multiprocessor Activity",99.374987%,99.374987%,99.374987%
"NVIDIA Tegra X1 (0)","void fft2d_r2c_32x32<__half, bool=1, unsigned int=0, bool=0>(float2*, __half const *, int, int, int, int, int, int, int, int, int, cudnn::reduced_divisor, bool, int2, int, int)",1,"flop_count_dp","Floating Point Operations(Double Precision)",0,0,0
"NVIDIA Tegra X1 (0)","void fft2d_r2c_32x32<__half, bool=1, unsigned int=0, bool=0>(float2*, __half const *, int, int, int, int, int, int, int, int, int, cudnn::reduced_divisor, bool, int2, int, int)",1,"flop_count_dp_add","Floating Point Operations(Double Precision Add)",0,0,0
"NVIDIA Tegra X1 (0)","void fft2d_r2c_32x32<__half, bool=1, unsigned int=0, bool=0>(float2*, __half const *, int, int, int, int, int, int, int, int, int, cudnn::reduced_divisor, bool, int2, int, int)",1,"flop_count_dp_fma","Floating Point Operations(Double Precision FMA)",0,0,0
"NVIDIA Tegra X1 (0)","void fft2d_r2c_32x32<__half, bool=1, unsigned int=0, bool=0>(float2*, __half const *, int, int, int, int, int, int, int, int, int, cudnn::reduced_divisor, bool, int2, int, int)",1,"flop_count_dp_mul","Floating Point Operations(Double Precision Mul)",0,0,0
"NVIDIA Tegra X1 (0)","void fft2d_r2c_32x32<__half, bool=1, unsigned int=0, bool=0>(float2*, __half const *, int, int, int, int, int, int, int, int, int, cudnn::reduced_divisor, bool, int2, int, int)",1,"flop_count_hp","Floating Point Operations(Half Precision)",0,0,0
"NVIDIA Tegra X1 (0)","void fft2d_r2c_32x32<__half, bool=1, unsigned int=0, bool=0>(float2*, __half const *, int, int, int, int, int, int, int, int, int, cudnn::reduced_divisor, bool, int2, int, int)",1,"flop_count_hp_add","Floating Point Operations(Half Precision Add)",0,0,0
"NVIDIA Tegra X1 (0)","void fft2d_r2c_32x32<__half, bool=1, unsigned int=0, bool=0>(float2*, __half const *, int, int, int, int, int, int, int, int, int, cudnn::reduced_divisor, bool, int2, int, int)",1,"flop_count_hp_fma","Floating Point Operations(Half Precision FMA)",0,0,0
"NVIDIA Tegra X1 (0)","void fft2d_r2c_32x32<__half, bool=1, unsigned int=0, bool=0>(float2*, __half const *, int, int, int, int, int, int, int, int, int, cudnn::reduced_divisor, bool, int2, int, int)",1,"flop_count_hp_mul","Floating Point Operation(Half Precision Mul)",0,0,0
"NVIDIA Tegra X1 (0)","void fft2d_r2c_32x32<__half, bool=1, unsigned int=0, bool=0>(float2*, __half const *, int, int, int, int, int, int, int, int, int, cudnn::reduced_divisor, bool, int2, int, int)",1,"flop_count_sp","Floating Point Operations(Single Precision)",369885184,369885184,369885184
"NVIDIA Tegra X1 (0)","void fft2d_r2c_32x32<__half, bool=1, unsigned int=0, bool=0>(float2*, __half const *, int, int, int, int, int, int, int, int, int, cudnn::reduced_divisor, bool, int2, int, int)",1,"flop_count_sp_add","Floating Point Operations(Single Precision Add)",152567808,152567808,152567808
"NVIDIA Tegra X1 (0)","void fft2d_r2c_32x32<__half, bool=1, unsigned int=0, bool=0>(float2*, __half const *, int, int, int, int, int, int, int, int, int, cudnn::reduced_divisor, bool, int2, int, int)",1,"flop_count_sp_fma","Floating Point Operations(Single Precision FMA)",89653248,89653248,89653248
"NVIDIA Tegra X1 (0)","void fft2d_r2c_32x32<__half, bool=1, unsigned int=0, bool=0>(float2*, __half const *, int, int, int, int, int, int, int, int, int, cudnn::reduced_divisor, bool, int2, int, int)",1,"flop_count_sp_mul","Floating Point Operation(Single Precision Mul)",38010880,38010880,38010880
"NVIDIA Tegra X1 (0)","void fft2d_r2c_32x32<__half, bool=1, unsigned int=0, bool=0>(float2*, __half const *, int, int, int, int, int, int, int, int, int, cudnn::reduced_divisor, bool, int2, int, int)",1,"flop_count_sp_special","Floating Point Operations(Single Precision Special)",0,0,0
"NVIDIA Tegra X1 (0)","void fft2d_r2c_32x32<__half, bool=1, unsigned int=0, bool=0>(float2*, __half const *, int, int, int, int, int, int, int, int, int, cudnn::reduced_divisor, bool, int2, int, int)",1,"flop_dp_efficiency","FLOP Efficiency(Peak Double)",0.000000%,0.000000%,0.000000%
"NVIDIA Tegra X1 (0)","void fft2d_r2c_32x32<__half, bool=1, unsigned int=0, bool=0>(float2*, __half const *, int, int, int, int, int, int, int, int, int, cudnn::reduced_divisor, bool, int2, int, int)",1,"flop_hp_efficiency","FLOP Efficiency(Peak Half)",0.000000%,0.000000%,0.000000%
"NVIDIA Tegra X1 (0)","void fft2d_r2c_32x32<__half, bool=1, unsigned int=0, bool=0>(float2*, __half const *, int, int, int, int, int, int, int, int, int, cudnn::reduced_divisor, bool, int2, int, int)",1,"flop_sp_efficiency","FLOP Efficiency(Peak Single)",10.731657%,10.731657%,10.731657%
"NVIDIA Tegra X1 (0)","void fft2d_c2r_32x32<__half, bool=0, bool=0, unsigned int=1, bool=0, bool=0>(__half*, float2 const *, int, int, int, int, int, int, int, int, int, float, float, cudnn::reduced_divisor, bool, __half*, __half*, int2, int, int)",1,"achieved_occupancy","Achieved Occupancy",0.249408,0.249408,0.249408
"NVIDIA Tegra X1 (0)","void fft2d_c2r_32x32<__half, bool=0, bool=0, unsigned int=1, bool=0, bool=0>(__half*, float2 const *, int, int, int, int, int, int, int, int, int, float, float, cudnn::reduced_divisor, bool, __half*, __half*, int2, int, int)",1,"ipc","Executed IPC",1.102008,1.102008,1.102008
"NVIDIA Tegra X1 (0)","void fft2d_c2r_32x32<__half, bool=0, bool=0, unsigned int=1, bool=0, bool=0>(__half*, float2 const *, int, int, int, int, int, int, int, int, int, float, float, cudnn::reduced_divisor, bool, __half*, __half*, int2, int, int)",1,"l2_read_throughput","L2 Throughput (Reads)",3.512590GB/s,3.512590GB/s,3.512590GB/s
"NVIDIA Tegra X1 (0)","void fft2d_c2r_32x32<__half, bool=0, bool=0, unsigned int=1, bool=0, bool=0>(__half*, float2 const *, int, int, int, int, int, int, int, int, int, float, float, cudnn::reduced_divisor, bool, __half*, __half*, int2, int, int)",1,"l2_write_throughput","L2 Throughput (Writes)",235.422518MB/s,235.422518MB/s,235.422517MB/s
"NVIDIA Tegra X1 (0)","void fft2d_c2r_32x32<__half, bool=0, bool=0, unsigned int=1, bool=0, bool=0>(__half*, float2 const *, int, int, int, int, int, int, int, int, int, float, float, cudnn::reduced_divisor, bool, __half*, __half*, int2, int, int)",1,"sm_efficiency","Multiprocessor Activity",99.540244%,99.540244%,99.540244%
"NVIDIA Tegra X1 (0)","void fft2d_c2r_32x32<__half, bool=0, bool=0, unsigned int=1, bool=0, bool=0>(__half*, float2 const *, int, int, int, int, int, int, int, int, int, float, float, cudnn::reduced_divisor, bool, __half*, __half*, int2, int, int)",1,"flop_count_dp","Floating Point Operations(Double Precision)",0,0,0
"NVIDIA Tegra X1 (0)","void fft2d_c2r_32x32<__half, bool=0, bool=0, unsigned int=1, bool=0, bool=0>(__half*, float2 const *, int, int, int, int, int, int, int, int, int, float, float, cudnn::reduced_divisor, bool, __half*, __half*, int2, int, int)",1,"flop_count_dp_add","Floating Point Operations(Double Precision Add)",0,0,0
"NVIDIA Tegra X1 (0)","void fft2d_c2r_32x32<__half, bool=0, bool=0, unsigned int=1, bool=0, bool=0>(__half*, float2 const *, int, int, int, int, int, int, int, int, int, float, float, cudnn::reduced_divisor, bool, __half*, __half*, int2, int, int)",1,"flop_count_dp_fma","Floating Point Operations(Double Precision FMA)",0,0,0
"NVIDIA Tegra X1 (0)","void fft2d_c2r_32x32<__half, bool=0, bool=0, unsigned int=1, bool=0, bool=0>(__half*, float2 const *, int, int, int, int, int, int, int, int, int, float, float, cudnn::reduced_divisor, bool, __half*, __half*, int2, int, int)",1,"flop_count_dp_mul","Floating Point Operations(Double Precision Mul)",0,0,0
"NVIDIA Tegra X1 (0)","void fft2d_c2r_32x32<__half, bool=0, bool=0, unsigned int=1, bool=0, bool=0>(__half*, float2 const *, int, int, int, int, int, int, int, int, int, float, float, cudnn::reduced_divisor, bool, __half*, __half*, int2, int, int)",1,"flop_count_hp","Floating Point Operations(Half Precision)",0,0,0
"NVIDIA Tegra X1 (0)","void fft2d_c2r_32x32<__half, bool=0, bool=0, unsigned int=1, bool=0, bool=0>(__half*, float2 const *, int, int, int, int, int, int, int, int, int, float, float, cudnn::reduced_divisor, bool, __half*, __half*, int2, int, int)",1,"flop_count_hp_add","Floating Point Operations(Half Precision Add)",0,0,0
"NVIDIA Tegra X1 (0)","void fft2d_c2r_32x32<__half, bool=0, bool=0, unsigned int=1, bool=0, bool=0>(__half*, float2 const *, int, int, int, int, int, int, int, int, int, float, float, cudnn::reduced_divisor, bool, __half*, __half*, int2, int, int)",1,"flop_count_hp_fma","Floating Point Operations(Half Precision FMA)",0,0,0
"NVIDIA Tegra X1 (0)","void fft2d_c2r_32x32<__half, bool=0, bool=0, unsigned int=1, bool=0, bool=0>(__half*, float2 const *, int, int, int, int, int, int, int, int, int, float, float, cudnn::reduced_divisor, bool, __half*, __half*, int2, int, int)",1,"flop_count_hp_mul","Floating Point Operation(Half Precision Mul)",0,0,0
"NVIDIA Tegra X1 (0)","void fft2d_c2r_32x32<__half, bool=0, bool=0, unsigned int=1, bool=0, bool=0>(__half*, float2 const *, int, int, int, int, int, int, int, int, int, float, float, cudnn::reduced_divisor, bool, __half*, __half*, int2, int, int)",1,"flop_count_sp","Floating Point Operations(Single Precision)",362938368,362938368,362938368
"NVIDIA Tegra X1 (0)","void fft2d_c2r_32x32<__half, bool=0, bool=0, unsigned int=1, bool=0, bool=0>(__half*, float2 const *, int, int, int, int, int, int, int, int, int, float, float, cudnn::reduced_divisor, bool, __half*, __half*, int2, int, int)",1,"flop_count_sp_add","Floating Point Operations(Single Precision Add)",157941760,157941760,157941760
"NVIDIA Tegra X1 (0)","void fft2d_c2r_32x32<__half, bool=0, bool=0, unsigned int=1, bool=0, bool=0>(__half*, float2 const *, int, int, int, int, int, int, int, int, int, float, float, cudnn::reduced_divisor, bool, __half*, __half*, int2, int, int)",1,"flop_count_sp_fma","Floating Point Operations(Single Precision FMA)",90177536,90177536,90177536
"NVIDIA Tegra X1 (0)","void fft2d_c2r_32x32<__half, bool=0, bool=0, unsigned int=1, bool=0, bool=0>(__half*, float2 const *, int, int, int, int, int, int, int, int, int, float, float, cudnn::reduced_divisor, bool, __half*, __half*, int2, int, int)",1,"flop_count_sp_mul","Floating Point Operation(Single Precision Mul)",24641536,24641536,24641536
"NVIDIA Tegra X1 (0)","void fft2d_c2r_32x32<__half, bool=0, bool=0, unsigned int=1, bool=0, bool=0>(__half*, float2 const *, int, int, int, int, int, int, int, int, int, float, float, cudnn::reduced_divisor, bool, __half*, __half*, int2, int, int)",1,"flop_count_sp_special","Floating Point Operations(Single Precision Special)",0,0,0
"NVIDIA Tegra X1 (0)","void fft2d_c2r_32x32<__half, bool=0, bool=0, unsigned int=1, bool=0, bool=0>(__half*, float2 const *, int, int, int, int, int, int, int, int, int, float, float, cudnn::reduced_divisor, bool, __half*, __half*, int2, int, int)",1,"flop_dp_efficiency","FLOP Efficiency(Peak Double)",0.000000%,0.000000%,0.000000%
"NVIDIA Tegra X1 (0)","void fft2d_c2r_32x32<__half, bool=0, bool=0, unsigned int=1, bool=0, bool=0>(__half*, float2 const *, int, int, int, int, int, int, int, int, int, float, float, cudnn::reduced_divisor, bool, __half*, __half*, int2, int, int)",1,"flop_hp_efficiency","FLOP Efficiency(Peak Half)",0.000000%,0.000000%,0.000000%
"NVIDIA Tegra X1 (0)","void fft2d_c2r_32x32<__half, bool=0, bool=0, unsigned int=1, bool=0, bool=0>(__half*, float2 const *, int, int, int, int, int, int, int, int, int, float, float, cudnn::reduced_divisor, bool, __half*, __half*, int2, int, int)",1,"flop_sp_efficiency","FLOP Efficiency(Peak Single)",8.105871%,8.105871%,8.105871%
"NVIDIA Tegra X1 (0)","void add_tensor_kernel_v3<int=2, __half, float, int=32, int=1, int=4, int=2, int=2>(cudnnTensorStruct, __half*, cudnnTensorStruct, __half const *, float, float, int, int, int)",1,"achieved_occupancy","Achieved Occupancy",0.929034,0.929034,0.929034
"NVIDIA Tegra X1 (0)","void add_tensor_kernel_v3<int=2, __half, float, int=32, int=1, int=4, int=2, int=2>(cudnnTensorStruct, __half*, cudnnTensorStruct, __half const *, float, float, int, int, int)",1,"ipc","Executed IPC",3.245557,3.245557,3.245557
"NVIDIA Tegra X1 (0)","void add_tensor_kernel_v3<int=2, __half, float, int=32, int=1, int=4, int=2, int=2>(cudnnTensorStruct, __half*, cudnnTensorStruct, __half const *, float, float, int, int, int)",1,"l2_read_throughput","L2 Throughput (Reads)",4.598514GB/s,4.598514GB/s,4.598514GB/s
"NVIDIA Tegra X1 (0)","void add_tensor_kernel_v3<int=2, __half, float, int=32, int=1, int=4, int=2, int=2>(cudnnTensorStruct, __half*, cudnnTensorStruct, __half const *, float, float, int, int, int)",1,"l2_write_throughput","L2 Throughput (Writes)",4.154810GB/s,4.154810GB/s,4.154810GB/s
"NVIDIA Tegra X1 (0)","void add_tensor_kernel_v3<int=2, __half, float, int=32, int=1, int=4, int=2, int=2>(cudnnTensorStruct, __half*, cudnnTensorStruct, __half const *, float, float, int, int, int)",1,"sm_efficiency","Multiprocessor Activity",99.859173%,99.859173%,99.859173%
"NVIDIA Tegra X1 (0)","void add_tensor_kernel_v3<int=2, __half, float, int=32, int=1, int=4, int=2, int=2>(cudnnTensorStruct, __half*, cudnnTensorStruct, __half const *, float, float, int, int, int)",1,"flop_count_dp","Floating Point Operations(Double Precision)",0,0,0
"NVIDIA Tegra X1 (0)","void add_tensor_kernel_v3<int=2, __half, float, int=32, int=1, int=4, int=2, int=2>(cudnnTensorStruct, __half*, cudnnTensorStruct, __half const *, float, float, int, int, int)",1,"flop_count_dp_add","Floating Point Operations(Double Precision Add)",0,0,0
"NVIDIA Tegra X1 (0)","void add_tensor_kernel_v3<int=2, __half, float, int=32, int=1, int=4, int=2, int=2>(cudnnTensorStruct, __half*, cudnnTensorStruct, __half const *, float, float, int, int, int)",1,"flop_count_dp_fma","Floating Point Operations(Double Precision FMA)",0,0,0
"NVIDIA Tegra X1 (0)","void add_tensor_kernel_v3<int=2, __half, float, int=32, int=1, int=4, int=2, int=2>(cudnnTensorStruct, __half*, cudnnTensorStruct, __half const *, float, float, int, int, int)",1,"flop_count_dp_mul","Floating Point Operations(Double Precision Mul)",0,0,0
"NVIDIA Tegra X1 (0)","void add_tensor_kernel_v3<int=2, __half, float, int=32, int=1, int=4, int=2, int=2>(cudnnTensorStruct, __half*, cudnnTensorStruct, __half const *, float, float, int, int, int)",1,"flop_count_hp","Floating Point Operations(Half Precision)",0,0,0
"NVIDIA Tegra X1 (0)","void add_tensor_kernel_v3<int=2, __half, float, int=32, int=1, int=4, int=2, int=2>(cudnnTensorStruct, __half*, cudnnTensorStruct, __half const *, float, float, int, int, int)",1,"flop_count_hp_add","Floating Point Operations(Half Precision Add)",0,0,0
"NVIDIA Tegra X1 (0)","void add_tensor_kernel_v3<int=2, __half, float, int=32, int=1, int=4, int=2, int=2>(cudnnTensorStruct, __half*, cudnnTensorStruct, __half const *, float, float, int, int, int)",1,"flop_count_hp_fma","Floating Point Operations(Half Precision FMA)",0,0,0
"NVIDIA Tegra X1 (0)","void add_tensor_kernel_v3<int=2, __half, float, int=32, int=1, int=4, int=2, int=2>(cudnnTensorStruct, __half*, cudnnTensorStruct, __half const *, float, float, int, int, int)",1,"flop_count_hp_mul","Floating Point Operation(Half Precision Mul)",0,0,0
"NVIDIA Tegra X1 (0)","void add_tensor_kernel_v3<int=2, __half, float, int=32, int=1, int=4, int=2, int=2>(cudnnTensorStruct, __half*, cudnnTensorStruct, __half const *, float, float, int, int, int)",1,"flop_count_sp","Floating Point Operations(Single Precision)",5996544,5996544,5996544
"NVIDIA Tegra X1 (0)","void add_tensor_kernel_v3<int=2, __half, float, int=32, int=1, int=4, int=2, int=2>(cudnnTensorStruct, __half*, cudnnTensorStruct, __half const *, float, float, int, int, int)",1,"flop_count_sp_add","Floating Point Operations(Single Precision Add)",802816,802816,802816
"NVIDIA Tegra X1 (0)","void add_tensor_kernel_v3<int=2, __half, float, int=32, int=1, int=4, int=2, int=2>(cudnnTensorStruct, __half*, cudnnTensorStruct, __half const *, float, float, int, int, int)",1,"flop_count_sp_fma","Floating Point Operations(Single Precision FMA)",1556480,1556480,1556480
"NVIDIA Tegra X1 (0)","void add_tensor_kernel_v3<int=2, __half, float, int=32, int=1, int=4, int=2, int=2>(cudnnTensorStruct, __half*, cudnnTensorStruct, __half const *, float, float, int, int, int)",1,"flop_count_sp_mul","Floating Point Operation(Single Precision Mul)",2080768,2080768,2080768
"NVIDIA Tegra X1 (0)","void add_tensor_kernel_v3<int=2, __half, float, int=32, int=1, int=4, int=2, int=2>(cudnnTensorStruct, __half*, cudnnTensorStruct, __half const *, float, float, int, int, int)",1,"flop_count_sp_special","Floating Point Operations(Single Precision Special)",1572864,1572864,1572864
"NVIDIA Tegra X1 (0)","void add_tensor_kernel_v3<int=2, __half, float, int=32, int=1, int=4, int=2, int=2>(cudnnTensorStruct, __half*, cudnnTensorStruct, __half const *, float, float, int, int, int)",1,"flop_dp_efficiency","FLOP Efficiency(Peak Double)",0.000000%,0.000000%,0.000000%
"NVIDIA Tegra X1 (0)","void add_tensor_kernel_v3<int=2, __half, float, int=32, int=1, int=4, int=2, int=2>(cudnnTensorStruct, __half*, cudnnTensorStruct, __half const *, float, float, int, int, int)",1,"flop_hp_efficiency","FLOP Efficiency(Peak Half)",0.000000%,0.000000%,0.000000%
"NVIDIA Tegra X1 (0)","void add_tensor_kernel_v3<int=2, __half, float, int=32, int=1, int=4, int=2, int=2>(cudnnTensorStruct, __half*, cudnnTensorStruct, __half const *, float, float, int, int, int)",1,"flop_sp_efficiency","FLOP Efficiency(Peak Single)",1.971744%,1.971744%,1.971744%
"NVIDIA Tegra X1 (0)","cudnn_maxwell_cgemm_32x64_nt_batched",1,"achieved_occupancy","Achieved Occupancy",0.247998,0.247998,0.247998
"NVIDIA Tegra X1 (0)","cudnn_maxwell_cgemm_32x64_nt_batched",1,"ipc","Executed IPC",3.618042,3.618042,3.618042
"NVIDIA Tegra X1 (0)","cudnn_maxwell_cgemm_32x64_nt_batched",1,"l2_read_throughput","L2 Throughput (Reads)",6.395092GB/s,6.395092GB/s,6.395092GB/s
"NVIDIA Tegra X1 (0)","cudnn_maxwell_cgemm_32x64_nt_batched",1,"l2_write_throughput","L2 Throughput (Writes)",4.809709GB/s,4.809709GB/s,4.809709GB/s
"NVIDIA Tegra X1 (0)","cudnn_maxwell_cgemm_32x64_nt_batched",1,"sm_efficiency","Multiprocessor Activity",99.986122%,99.986122%,99.986122%
"NVIDIA Tegra X1 (0)","cudnn_maxwell_cgemm_32x64_nt_batched",1,"flop_count_dp","Floating Point Operations(Double Precision)",0,0,0
"NVIDIA Tegra X1 (0)","cudnn_maxwell_cgemm_32x64_nt_batched",1,"flop_count_dp_add","Floating Point Operations(Double Precision Add)",0,0,0
"NVIDIA Tegra X1 (0)","cudnn_maxwell_cgemm_32x64_nt_batched",1,"flop_count_dp_fma","Floating Point Operations(Double Precision FMA)",0,0,0
"NVIDIA Tegra X1 (0)","cudnn_maxwell_cgemm_32x64_nt_batched",1,"flop_count_dp_mul","Floating Point Operations(Double Precision Mul)",0,0,0
"NVIDIA Tegra X1 (0)","cudnn_maxwell_cgemm_32x64_nt_batched",1,"flop_count_hp","Floating Point Operations(Half Precision)",0,0,0
"NVIDIA Tegra X1 (0)","cudnn_maxwell_cgemm_32x64_nt_batched",1,"flop_count_hp_add","Floating Point Operations(Half Precision Add)",0,0,0
"NVIDIA Tegra X1 (0)","cudnn_maxwell_cgemm_32x64_nt_batched",1,"flop_count_hp_fma","Floating Point Operations(Half Precision FMA)",0,0,0
"NVIDIA Tegra X1 (0)","cudnn_maxwell_cgemm_32x64_nt_batched",1,"flop_count_hp_mul","Floating Point Operation(Half Precision Mul)",0,0,0
"NVIDIA Tegra X1 (0)","cudnn_maxwell_cgemm_32x64_nt_batched",1,"flop_count_sp","Floating Point Operations(Single Precision)",2335178752,2335178752,2335178752
"NVIDIA Tegra X1 (0)","cudnn_maxwell_cgemm_32x64_nt_batched",1,"flop_count_sp_add","Floating Point Operations(Single Precision Add)",0,0,0
"NVIDIA Tegra X1 (0)","cudnn_maxwell_cgemm_32x64_nt_batched",1,"flop_count_sp_fma","Floating Point Operations(Single Precision FMA)",1158676480,1158676480,1158676480
"NVIDIA Tegra X1 (0)","cudnn_maxwell_cgemm_32x64_nt_batched",1,"flop_count_sp_mul","Floating Point Operation(Single Precision Mul)",17825792,17825792,17825792
"NVIDIA Tegra X1 (0)","cudnn_maxwell_cgemm_32x64_nt_batched",1,"flop_count_sp_special","Floating Point Operations(Single Precision Special)",0,0,0
"NVIDIA Tegra X1 (0)","cudnn_maxwell_cgemm_32x64_nt_batched",1,"flop_dp_efficiency","FLOP Efficiency(Peak Double)",0.000000%,0.000000%,0.000000%
"NVIDIA Tegra X1 (0)","cudnn_maxwell_cgemm_32x64_nt_batched",1,"flop_hp_efficiency","FLOP Efficiency(Peak Half)",0.000000%,0.000000%,0.000000%
"NVIDIA Tegra X1 (0)","cudnn_maxwell_cgemm_32x64_nt_batched",1,"flop_sp_efficiency","FLOP Efficiency(Peak Single)",71.721178%,71.721178%,71.721178%
"NVIDIA Tegra X1 (0)","_ZN83_GLOBAL__N__59_tmpxft_00000286_00000000_8_Distributions_compute_72_cpp1_ii_c3aa7ee643distribution_elementwise_grid_stride_kernelIfLi4EZZZN2at6native18normal_kernel_cudaERNS1_14TensorIteratorEddPNS1_9GeneratorEENKUlvE_clEvENKUlvE1_clEvEUlP24curandStatePhilox4_32_10E0_ZNS_27distribution_nullary_kernelIN3c104HalfEfLi4ESB_ZZZNS2_18normal_kernel_cudaES4_ddS6_ENKS7_clEvENKS8_clEvEUlfE_EEvS4_PNS1_13CUDAGeneratorERKT2_T3_EUlifE_EEviSt4pairImmET1_SI_",1,"achieved_occupancy","Achieved Occupancy",0.440173,0.440173,0.440173
"NVIDIA Tegra X1 (0)","_ZN83_GLOBAL__N__59_tmpxft_00000286_00000000_8_Distributions_compute_72_cpp1_ii_c3aa7ee643distribution_elementwise_grid_stride_kernelIfLi4EZZZN2at6native18normal_kernel_cudaERNS1_14TensorIteratorEddPNS1_9GeneratorEENKUlvE_clEvENKUlvE1_clEvEUlP24curandStatePhilox4_32_10E0_ZNS_27distribution_nullary_kernelIN3c104HalfEfLi4ESB_ZZZNS2_18normal_kernel_cudaES4_ddS6_ENKS7_clEvENKS8_clEvEUlfE_EEvS4_PNS1_13CUDAGeneratorERKT2_T3_EUlifE_EEviSt4pairImmET1_SI_",1,"ipc","Executed IPC",3.715178,3.715178,3.715178
"NVIDIA Tegra X1 (0)","_ZN83_GLOBAL__N__59_tmpxft_00000286_00000000_8_Distributions_compute_72_cpp1_ii_c3aa7ee643distribution_elementwise_grid_stride_kernelIfLi4EZZZN2at6native18normal_kernel_cudaERNS1_14TensorIteratorEddPNS1_9GeneratorEENKUlvE_clEvENKUlvE1_clEvEUlP24curandStatePhilox4_32_10E0_ZNS_27distribution_nullary_kernelIN3c104HalfEfLi4ESB_ZZZNS2_18normal_kernel_cudaES4_ddS6_ENKS7_clEvENKS8_clEvEUlfE_EEvS4_PNS1_13CUDAGeneratorERKT2_T3_EUlifE_EEviSt4pairImmET1_SI_",1,"l2_read_throughput","L2 Throughput (Reads)",64.429819MB/s,64.429819MB/s,64.429814MB/s
"NVIDIA Tegra X1 (0)","_ZN83_GLOBAL__N__59_tmpxft_00000286_00000000_8_Distributions_compute_72_cpp1_ii_c3aa7ee643distribution_elementwise_grid_stride_kernelIfLi4EZZZN2at6native18normal_kernel_cudaERNS1_14TensorIteratorEddPNS1_9GeneratorEENKUlvE_clEvENKUlvE1_clEvEUlP24curandStatePhilox4_32_10E0_ZNS_27distribution_nullary_kernelIN3c104HalfEfLi4ESB_ZZZNS2_18normal_kernel_cudaES4_ddS6_ENKS7_clEvENKS8_clEvEUlfE_EEvS4_PNS1_13CUDAGeneratorERKT2_T3_EUlifE_EEviSt4pairImmET1_SI_",1,"l2_write_throughput","L2 Throughput (Writes)",316.168269MB/s,316.168269MB/s,316.168265MB/s
"NVIDIA Tegra X1 (0)","_ZN83_GLOBAL__N__59_tmpxft_00000286_00000000_8_Distributions_compute_72_cpp1_ii_c3aa7ee643distribution_elementwise_grid_stride_kernelIfLi4EZZZN2at6native18normal_kernel_cudaERNS1_14TensorIteratorEddPNS1_9GeneratorEENKUlvE_clEvENKUlvE1_clEvEUlP24curandStatePhilox4_32_10E0_ZNS_27distribution_nullary_kernelIN3c104HalfEfLi4ESB_ZZZNS2_18normal_kernel_cudaES4_ddS6_ENKS7_clEvENKS8_clEvEUlfE_EEvS4_PNS1_13CUDAGeneratorERKT2_T3_EUlifE_EEviSt4pairImmET1_SI_",1,"sm_efficiency","Multiprocessor Activity",95.468094%,95.468094%,95.468094%
"NVIDIA Tegra X1 (0)","_ZN83_GLOBAL__N__59_tmpxft_00000286_00000000_8_Distributions_compute_72_cpp1_ii_c3aa7ee643distribution_elementwise_grid_stride_kernelIfLi4EZZZN2at6native18normal_kernel_cudaERNS1_14TensorIteratorEddPNS1_9GeneratorEENKUlvE_clEvENKUlvE1_clEvEUlP24curandStatePhilox4_32_10E0_ZNS_27distribution_nullary_kernelIN3c104HalfEfLi4ESB_ZZZNS2_18normal_kernel_cudaES4_ddS6_ENKS7_clEvENKS8_clEvEUlfE_EEvS4_PNS1_13CUDAGeneratorERKT2_T3_EUlifE_EEviSt4pairImmET1_SI_",1,"flop_count_dp","Floating Point Operations(Double Precision)",0,0,0
"NVIDIA Tegra X1 (0)","_ZN83_GLOBAL__N__59_tmpxft_00000286_00000000_8_Distributions_compute_72_cpp1_ii_c3aa7ee643distribution_elementwise_grid_stride_kernelIfLi4EZZZN2at6native18normal_kernel_cudaERNS1_14TensorIteratorEddPNS1_9GeneratorEENKUlvE_clEvENKUlvE1_clEvEUlP24curandStatePhilox4_32_10E0_ZNS_27distribution_nullary_kernelIN3c104HalfEfLi4ESB_ZZZNS2_18normal_kernel_cudaES4_ddS6_ENKS7_clEvENKS8_clEvEUlfE_EEvS4_PNS1_13CUDAGeneratorERKT2_T3_EUlifE_EEviSt4pairImmET1_SI_",1,"flop_count_dp_add","Floating Point Operations(Double Precision Add)",0,0,0
"NVIDIA Tegra X1 (0)","_ZN83_GLOBAL__N__59_tmpxft_00000286_00000000_8_Distributions_compute_72_cpp1_ii_c3aa7ee643distribution_elementwise_grid_stride_kernelIfLi4EZZZN2at6native18normal_kernel_cudaERNS1_14TensorIteratorEddPNS1_9GeneratorEENKUlvE_clEvENKUlvE1_clEvEUlP24curandStatePhilox4_32_10E0_ZNS_27distribution_nullary_kernelIN3c104HalfEfLi4ESB_ZZZNS2_18normal_kernel_cudaES4_ddS6_ENKS7_clEvENKS8_clEvEUlfE_EEvS4_PNS1_13CUDAGeneratorERKT2_T3_EUlifE_EEviSt4pairImmET1_SI_",1,"flop_count_dp_fma","Floating Point Operations(Double Precision FMA)",0,0,0
"NVIDIA Tegra X1 (0)","_ZN83_GLOBAL__N__59_tmpxft_00000286_00000000_8_Distributions_compute_72_cpp1_ii_c3aa7ee643distribution_elementwise_grid_stride_kernelIfLi4EZZZN2at6native18normal_kernel_cudaERNS1_14TensorIteratorEddPNS1_9GeneratorEENKUlvE_clEvENKUlvE1_clEvEUlP24curandStatePhilox4_32_10E0_ZNS_27distribution_nullary_kernelIN3c104HalfEfLi4ESB_ZZZNS2_18normal_kernel_cudaES4_ddS6_ENKS7_clEvENKS8_clEvEUlfE_EEvS4_PNS1_13CUDAGeneratorERKT2_T3_EUlifE_EEviSt4pairImmET1_SI_",1,"flop_count_dp_mul","Floating Point Operations(Double Precision Mul)",0,0,0
"NVIDIA Tegra X1 (0)","_ZN83_GLOBAL__N__59_tmpxft_00000286_00000000_8_Distributions_compute_72_cpp1_ii_c3aa7ee643distribution_elementwise_grid_stride_kernelIfLi4EZZZN2at6native18normal_kernel_cudaERNS1_14TensorIteratorEddPNS1_9GeneratorEENKUlvE_clEvENKUlvE1_clEvEUlP24curandStatePhilox4_32_10E0_ZNS_27distribution_nullary_kernelIN3c104HalfEfLi4ESB_ZZZNS2_18normal_kernel_cudaES4_ddS6_ENKS7_clEvENKS8_clEvEUlfE_EEvS4_PNS1_13CUDAGeneratorERKT2_T3_EUlifE_EEviSt4pairImmET1_SI_",1,"flop_count_hp","Floating Point Operations(Half Precision)",0,0,0
"NVIDIA Tegra X1 (0)","_ZN83_GLOBAL__N__59_tmpxft_00000286_00000000_8_Distributions_compute_72_cpp1_ii_c3aa7ee643distribution_elementwise_grid_stride_kernelIfLi4EZZZN2at6native18normal_kernel_cudaERNS1_14TensorIteratorEddPNS1_9GeneratorEENKUlvE_clEvENKUlvE1_clEvEUlP24curandStatePhilox4_32_10E0_ZNS_27distribution_nullary_kernelIN3c104HalfEfLi4ESB_ZZZNS2_18normal_kernel_cudaES4_ddS6_ENKS7_clEvENKS8_clEvEUlfE_EEvS4_PNS1_13CUDAGeneratorERKT2_T3_EUlifE_EEviSt4pairImmET1_SI_",1,"flop_count_hp_add","Floating Point Operations(Half Precision Add)",0,0,0
"NVIDIA Tegra X1 (0)","_ZN83_GLOBAL__N__59_tmpxft_00000286_00000000_8_Distributions_compute_72_cpp1_ii_c3aa7ee643distribution_elementwise_grid_stride_kernelIfLi4EZZZN2at6native18normal_kernel_cudaERNS1_14TensorIteratorEddPNS1_9GeneratorEENKUlvE_clEvENKUlvE1_clEvEUlP24curandStatePhilox4_32_10E0_ZNS_27distribution_nullary_kernelIN3c104HalfEfLi4ESB_ZZZNS2_18normal_kernel_cudaES4_ddS6_ENKS7_clEvENKS8_clEvEUlfE_EEvS4_PNS1_13CUDAGeneratorERKT2_T3_EUlifE_EEviSt4pairImmET1_SI_",1,"flop_count_hp_fma","Floating Point Operations(Half Precision FMA)",0,0,0
"NVIDIA Tegra X1 (0)","_ZN83_GLOBAL__N__59_tmpxft_00000286_00000000_8_Distributions_compute_72_cpp1_ii_c3aa7ee643distribution_elementwise_grid_stride_kernelIfLi4EZZZN2at6native18normal_kernel_cudaERNS1_14TensorIteratorEddPNS1_9GeneratorEENKUlvE_clEvENKUlvE1_clEvEUlP24curandStatePhilox4_32_10E0_ZNS_27distribution_nullary_kernelIN3c104HalfEfLi4ESB_ZZZNS2_18normal_kernel_cudaES4_ddS6_ENKS7_clEvENKS8_clEvEUlfE_EEvS4_PNS1_13CUDAGeneratorERKT2_T3_EUlifE_EEviSt4pairImmET1_SI_",1,"flop_count_hp_mul","Floating Point Operation(Half Precision Mul)",0,0,0
"NVIDIA Tegra X1 (0)","_ZN83_GLOBAL__N__59_tmpxft_00000286_00000000_8_Distributions_compute_72_cpp1_ii_c3aa7ee643distribution_elementwise_grid_stride_kernelIfLi4EZZZN2at6native18normal_kernel_cudaERNS1_14TensorIteratorEddPNS1_9GeneratorEENKUlvE_clEvENKUlvE1_clEvEUlP24curandStatePhilox4_32_10E0_ZNS_27distribution_nullary_kernelIN3c104HalfEfLi4ESB_ZZZNS2_18normal_kernel_cudaES4_ddS6_ENKS7_clEvENKS8_clEvEUlfE_EEvS4_PNS1_13CUDAGeneratorERKT2_T3_EUlifE_EEviSt4pairImmET1_SI_",1,"flop_count_sp","Floating Point Operations(Single Precision)",851968,851968,851968
"NVIDIA Tegra X1 (0)","_ZN83_GLOBAL__N__59_tmpxft_00000286_00000000_8_Distributions_compute_72_cpp1_ii_c3aa7ee643distribution_elementwise_grid_stride_kernelIfLi4EZZZN2at6native18normal_kernel_cudaERNS1_14TensorIteratorEddPNS1_9GeneratorEENKUlvE_clEvENKUlvE1_clEvEUlP24curandStatePhilox4_32_10E0_ZNS_27distribution_nullary_kernelIN3c104HalfEfLi4ESB_ZZZNS2_18normal_kernel_cudaES4_ddS6_ENKS7_clEvENKS8_clEvEUlfE_EEvS4_PNS1_13CUDAGeneratorERKT2_T3_EUlifE_EEviSt4pairImmET1_SI_",1,"flop_count_sp_add","Floating Point Operations(Single Precision Add)",40960,40960,40960
"NVIDIA Tegra X1 (0)","_ZN83_GLOBAL__N__59_tmpxft_00000286_00000000_8_Distributions_compute_72_cpp1_ii_c3aa7ee643distribution_elementwise_grid_stride_kernelIfLi4EZZZN2at6native18normal_kernel_cudaERNS1_14TensorIteratorEddPNS1_9GeneratorEENKUlvE_clEvENKUlvE1_clEvEUlP24curandStatePhilox4_32_10E0_ZNS_27distribution_nullary_kernelIN3c104HalfEfLi4ESB_ZZZNS2_18normal_kernel_cudaES4_ddS6_ENKS7_clEvENKS8_clEvEUlfE_EEvS4_PNS1_13CUDAGeneratorERKT2_T3_EUlifE_EEviSt4pairImmET1_SI_",1,"flop_count_sp_fma","Floating Point Operations(Single Precision FMA)",344064,344064,344064
"NVIDIA Tegra X1 (0)","_ZN83_GLOBAL__N__59_tmpxft_00000286_00000000_8_Distributions_compute_72_cpp1_ii_c3aa7ee643distribution_elementwise_grid_stride_kernelIfLi4EZZZN2at6native18normal_kernel_cudaERNS1_14TensorIteratorEddPNS1_9GeneratorEENKUlvE_clEvENKUlvE1_clEvEUlP24curandStatePhilox4_32_10E0_ZNS_27distribution_nullary_kernelIN3c104HalfEfLi4ESB_ZZZNS2_18normal_kernel_cudaES4_ddS6_ENKS7_clEvENKS8_clEvEUlfE_EEvS4_PNS1_13CUDAGeneratorERKT2_T3_EUlifE_EEviSt4pairImmET1_SI_",1,"flop_count_sp_mul","Floating Point Operation(Single Precision Mul)",122880,122880,122880
"NVIDIA Tegra X1 (0)","_ZN83_GLOBAL__N__59_tmpxft_00000286_00000000_8_Distributions_compute_72_cpp1_ii_c3aa7ee643distribution_elementwise_grid_stride_kernelIfLi4EZZZN2at6native18normal_kernel_cudaERNS1_14TensorIteratorEddPNS1_9GeneratorEENKUlvE_clEvENKUlvE1_clEvEUlP24curandStatePhilox4_32_10E0_ZNS_27distribution_nullary_kernelIN3c104HalfEfLi4ESB_ZZZNS2_18normal_kernel_cudaES4_ddS6_ENKS7_clEvENKS8_clEvEUlfE_EEvS4_PNS1_13CUDAGeneratorERKT2_T3_EUlifE_EEviSt4pairImmET1_SI_",1,"flop_count_sp_special","Floating Point Operations(Single Precision Special)",63488,63488,63488
"NVIDIA Tegra X1 (0)","_ZN83_GLOBAL__N__59_tmpxft_00000286_00000000_8_Distributions_compute_72_cpp1_ii_c3aa7ee643distribution_elementwise_grid_stride_kernelIfLi4EZZZN2at6native18normal_kernel_cudaERNS1_14TensorIteratorEddPNS1_9GeneratorEENKUlvE_clEvENKUlvE1_clEvEUlP24curandStatePhilox4_32_10E0_ZNS_27distribution_nullary_kernelIN3c104HalfEfLi4ESB_ZZZNS2_18normal_kernel_cudaES4_ddS6_ENKS7_clEvENKS8_clEvEUlfE_EEvS4_PNS1_13CUDAGeneratorERKT2_T3_EUlifE_EEviSt4pairImmET1_SI_",1,"flop_dp_efficiency","FLOP Efficiency(Peak Double)",0.000000%,0.000000%,0.000000%
"NVIDIA Tegra X1 (0)","_ZN83_GLOBAL__N__59_tmpxft_00000286_00000000_8_Distributions_compute_72_cpp1_ii_c3aa7ee643distribution_elementwise_grid_stride_kernelIfLi4EZZZN2at6native18normal_kernel_cudaERNS1_14TensorIteratorEddPNS1_9GeneratorEENKUlvE_clEvENKUlvE1_clEvEUlP24curandStatePhilox4_32_10E0_ZNS_27distribution_nullary_kernelIN3c104HalfEfLi4ESB_ZZZNS2_18normal_kernel_cudaES4_ddS6_ENKS7_clEvENKS8_clEvEUlfE_EEvS4_PNS1_13CUDAGeneratorERKT2_T3_EUlifE_EEviSt4pairImmET1_SI_",1,"flop_hp_efficiency","FLOP Efficiency(Peak Half)",0.000000%,0.000000%,0.000000%
"NVIDIA Tegra X1 (0)","_ZN83_GLOBAL__N__59_tmpxft_00000286_00000000_8_Distributions_compute_72_cpp1_ii_c3aa7ee643distribution_elementwise_grid_stride_kernelIfLi4EZZZN2at6native18normal_kernel_cudaERNS1_14TensorIteratorEddPNS1_9GeneratorEENKUlvE_clEvENKUlvE1_clEvEUlP24curandStatePhilox4_32_10E0_ZNS_27distribution_nullary_kernelIN3c104HalfEfLi4ESB_ZZZNS2_18normal_kernel_cudaES4_ddS6_ENKS7_clEvENKS8_clEvEUlfE_EEvS4_PNS1_13CUDAGeneratorERKT2_T3_EUlifE_EEviSt4pairImmET1_SI_",1,"flop_sp_efficiency","FLOP Efficiency(Peak Single)",9.631023%,9.631023%,9.631023%
"NVIDIA Tegra X1 (0)","_ZN2at6native18elementwise_kernelILi512ELi1EZNS0_15gpu_kernel_implIZZZNS0_21copy_device_to_deviceERNS_14TensorIteratorEbENKUlvE_clEvENKUlvE2_clEvEUlfE_EEvS4_RKT_EUliE_EEviT1_",1,"achieved_occupancy","Achieved Occupancy",0.860989,0.860989,0.860989
"NVIDIA Tegra X1 (0)","_ZN2at6native18elementwise_kernelILi512ELi1EZNS0_15gpu_kernel_implIZZZNS0_21copy_device_to_deviceERNS_14TensorIteratorEbENKUlvE_clEvENKUlvE2_clEvEUlfE_EEvS4_RKT_EUliE_EEviT1_",1,"ipc","Executed IPC",2.475313,2.475313,2.475313
"NVIDIA Tegra X1 (0)","_ZN2at6native18elementwise_kernelILi512ELi1EZNS0_15gpu_kernel_implIZZZNS0_21copy_device_to_deviceERNS_14TensorIteratorEbENKUlvE_clEvENKUlvE2_clEvEUlfE_EEvS4_RKT_EUliE_EEviT1_",1,"l2_read_throughput","L2 Throughput (Reads)",2.941387GB/s,2.941387GB/s,2.941387GB/s
"NVIDIA Tegra X1 (0)","_ZN2at6native18elementwise_kernelILi512ELi1EZNS0_15gpu_kernel_implIZZZNS0_21copy_device_to_deviceERNS_14TensorIteratorEbENKUlvE_clEvENKUlvE2_clEvEUlfE_EEvS4_RKT_EUliE_EEviT1_",1,"l2_write_throughput","L2 Throughput (Writes)",5.740228GB/s,5.740228GB/s,5.740228GB/s
"NVIDIA Tegra X1 (0)","_ZN2at6native18elementwise_kernelILi512ELi1EZNS0_15gpu_kernel_implIZZZNS0_21copy_device_to_deviceERNS_14TensorIteratorEbENKUlvE_clEvENKUlvE2_clEvEUlfE_EEvS4_RKT_EUliE_EEviT1_",1,"sm_efficiency","Multiprocessor Activity",99.882559%,99.882559%,99.882559%
"NVIDIA Tegra X1 (0)","_ZN2at6native18elementwise_kernelILi512ELi1EZNS0_15gpu_kernel_implIZZZNS0_21copy_device_to_deviceERNS_14TensorIteratorEbENKUlvE_clEvENKUlvE2_clEvEUlfE_EEvS4_RKT_EUliE_EEviT1_",1,"flop_count_dp","Floating Point Operations(Double Precision)",0,0,0
"NVIDIA Tegra X1 (0)","_ZN2at6native18elementwise_kernelILi512ELi1EZNS0_15gpu_kernel_implIZZZNS0_21copy_device_to_deviceERNS_14TensorIteratorEbENKUlvE_clEvENKUlvE2_clEvEUlfE_EEvS4_RKT_EUliE_EEviT1_",1,"flop_count_dp_add","Floating Point Operations(Double Precision Add)",0,0,0
"NVIDIA Tegra X1 (0)","_ZN2at6native18elementwise_kernelILi512ELi1EZNS0_15gpu_kernel_implIZZZNS0_21copy_device_to_deviceERNS_14TensorIteratorEbENKUlvE_clEvENKUlvE2_clEvEUlfE_EEvS4_RKT_EUliE_EEviT1_",1,"flop_count_dp_fma","Floating Point Operations(Double Precision FMA)",0,0,0
"NVIDIA Tegra X1 (0)","_ZN2at6native18elementwise_kernelILi512ELi1EZNS0_15gpu_kernel_implIZZZNS0_21copy_device_to_deviceERNS_14TensorIteratorEbENKUlvE_clEvENKUlvE2_clEvEUlfE_EEvS4_RKT_EUliE_EEviT1_",1,"flop_count_dp_mul","Floating Point Operations(Double Precision Mul)",0,0,0
"NVIDIA Tegra X1 (0)","_ZN2at6native18elementwise_kernelILi512ELi1EZNS0_15gpu_kernel_implIZZZNS0_21copy_device_to_deviceERNS_14TensorIteratorEbENKUlvE_clEvENKUlvE2_clEvEUlfE_EEvS4_RKT_EUliE_EEviT1_",1,"flop_count_hp","Floating Point Operations(Half Precision)",0,0,0
"NVIDIA Tegra X1 (0)","_ZN2at6native18elementwise_kernelILi512ELi1EZNS0_15gpu_kernel_implIZZZNS0_21copy_device_to_deviceERNS_14TensorIteratorEbENKUlvE_clEvENKUlvE2_clEvEUlfE_EEvS4_RKT_EUliE_EEviT1_",1,"flop_count_hp_add","Floating Point Operations(Half Precision Add)",0,0,0
"NVIDIA Tegra X1 (0)","_ZN2at6native18elementwise_kernelILi512ELi1EZNS0_15gpu_kernel_implIZZZNS0_21copy_device_to_deviceERNS_14TensorIteratorEbENKUlvE_clEvENKUlvE2_clEvEUlfE_EEvS4_RKT_EUliE_EEviT1_",1,"flop_count_hp_fma","Floating Point Operations(Half Precision FMA)",0,0,0
"NVIDIA Tegra X1 (0)","_ZN2at6native18elementwise_kernelILi512ELi1EZNS0_15gpu_kernel_implIZZZNS0_21copy_device_to_deviceERNS_14TensorIteratorEbENKUlvE_clEvENKUlvE2_clEvEUlfE_EEvS4_RKT_EUliE_EEviT1_",1,"flop_count_hp_mul","Floating Point Operation(Half Precision Mul)",0,0,0
"NVIDIA Tegra X1 (0)","_ZN2at6native18elementwise_kernelILi512ELi1EZNS0_15gpu_kernel_implIZZZNS0_21copy_device_to_deviceERNS_14TensorIteratorEbENKUlvE_clEvENKUlvE2_clEvEUlfE_EEvS4_RKT_EUliE_EEviT1_",1,"flop_count_sp","Floating Point Operations(Single Precision)",0,0,0
"NVIDIA Tegra X1 (0)","_ZN2at6native18elementwise_kernelILi512ELi1EZNS0_15gpu_kernel_implIZZZNS0_21copy_device_to_deviceERNS_14TensorIteratorEbENKUlvE_clEvENKUlvE2_clEvEUlfE_EEvS4_RKT_EUliE_EEviT1_",1,"flop_count_sp_add","Floating Point Operations(Single Precision Add)",0,0,0
"NVIDIA Tegra X1 (0)","_ZN2at6native18elementwise_kernelILi512ELi1EZNS0_15gpu_kernel_implIZZZNS0_21copy_device_to_deviceERNS_14TensorIteratorEbENKUlvE_clEvENKUlvE2_clEvEUlfE_EEvS4_RKT_EUliE_EEviT1_",1,"flop_count_sp_fma","Floating Point Operations(Single Precision FMA)",0,0,0
"NVIDIA Tegra X1 (0)","_ZN2at6native18elementwise_kernelILi512ELi1EZNS0_15gpu_kernel_implIZZZNS0_21copy_device_to_deviceERNS_14TensorIteratorEbENKUlvE_clEvENKUlvE2_clEvEUlfE_EEvS4_RKT_EUliE_EEviT1_",1,"flop_count_sp_mul","Floating Point Operation(Single Precision Mul)",0,0,0
"NVIDIA Tegra X1 (0)","_ZN2at6native18elementwise_kernelILi512ELi1EZNS0_15gpu_kernel_implIZZZNS0_21copy_device_to_deviceERNS_14TensorIteratorEbENKUlvE_clEvENKUlvE2_clEvEUlfE_EEvS4_RKT_EUliE_EEviT1_",1,"flop_count_sp_special","Floating Point Operations(Single Precision Special)",0,0,0
"NVIDIA Tegra X1 (0)","_ZN2at6native18elementwise_kernelILi512ELi1EZNS0_15gpu_kernel_implIZZZNS0_21copy_device_to_deviceERNS_14TensorIteratorEbENKUlvE_clEvENKUlvE2_clEvEUlfE_EEvS4_RKT_EUliE_EEviT1_",1,"flop_dp_efficiency","FLOP Efficiency(Peak Double)",0.000000%,0.000000%,0.000000%
"NVIDIA Tegra X1 (0)","_ZN2at6native18elementwise_kernelILi512ELi1EZNS0_15gpu_kernel_implIZZZNS0_21copy_device_to_deviceERNS_14TensorIteratorEbENKUlvE_clEvENKUlvE2_clEvEUlfE_EEvS4_RKT_EUliE_EEviT1_",1,"flop_hp_efficiency","FLOP Efficiency(Peak Half)",0.000000%,0.000000%,0.000000%
"NVIDIA Tegra X1 (0)","_ZN2at6native18elementwise_kernelILi512ELi1EZNS0_15gpu_kernel_implIZZZNS0_21copy_device_to_deviceERNS_14TensorIteratorEbENKUlvE_clEvENKUlvE2_clEvEUlfE_EEvS4_RKT_EUliE_EEviT1_",1,"flop_sp_efficiency","FLOP Efficiency(Peak Single)",0.000000%,0.000000%,0.000000%
