==8184== NVPROF is profiling process 8184, command: python TorchDCNN.py mnist 3 10
==8184== Some kernel(s) will be replayed on device 0 in order to collect all events/metrics.
==8184== Profiling application: python TorchDCNN.py mnist 3 10
==8184== Profiling result:
==8184== Metric result:
"Device","Kernel","Invocations","Metric Name","Metric Description","Min","Max","Avg"
"NVIDIA Tegra X1 (0)","_ZN83_GLOBAL__N__59_tmpxft_00000286_00000000_8_Distributions_compute_72_cpp1_ii_c3aa7ee643distribution_elementwise_grid_stride_kernelIfLi4EZZZN2at6native18normal_kernel_cudaERNS1_14TensorIteratorEddPNS1_9GeneratorEENKUlvE_clEvENKUlvE0_clEvEUlP24curandStatePhilox4_32_10E0_ZNS_27distribution_nullary_kernelIffLi4ESB_ZZZNS2_18normal_kernel_cudaES4_ddS6_ENKS7_clEvENKS8_clEvEUlfE_EEvS4_PNS1_13CUDAGeneratorERKT2_T3_EUlifE_EEviSt4pairImmET1_SG_",1,"achieved_occupancy","Achieved Occupancy",0.397027,0.397027,0.397027
"NVIDIA Tegra X1 (0)","_ZN83_GLOBAL__N__59_tmpxft_00000286_00000000_8_Distributions_compute_72_cpp1_ii_c3aa7ee643distribution_elementwise_grid_stride_kernelIfLi4EZZZN2at6native18normal_kernel_cudaERNS1_14TensorIteratorEddPNS1_9GeneratorEENKUlvE_clEvENKUlvE0_clEvEUlP24curandStatePhilox4_32_10E0_ZNS_27distribution_nullary_kernelIffLi4ESB_ZZZNS2_18normal_kernel_cudaES4_ddS6_ENKS7_clEvENKS8_clEvEUlfE_EEvS4_PNS1_13CUDAGeneratorERKT2_T3_EUlifE_EEviSt4pairImmET1_SG_",1,"ipc","Executed IPC",3.448603,3.448603,3.448603
"NVIDIA Tegra X1 (0)","_ZN83_GLOBAL__N__59_tmpxft_00000286_00000000_8_Distributions_compute_72_cpp1_ii_c3aa7ee643distribution_elementwise_grid_stride_kernelIfLi4EZZZN2at6native18normal_kernel_cudaERNS1_14TensorIteratorEddPNS1_9GeneratorEENKUlvE_clEvENKUlvE0_clEvEUlP24curandStatePhilox4_32_10E0_ZNS_27distribution_nullary_kernelIffLi4ESB_ZZZNS2_18normal_kernel_cudaES4_ddS6_ENKS7_clEvENKS8_clEvEUlfE_EEvS4_PNS1_13CUDAGeneratorERKT2_T3_EUlifE_EEviSt4pairImmET1_SG_",1,"l2_read_throughput","L2 Throughput (Reads)",49.563342MB/s,49.563342MB/s,49.563315MB/s
"NVIDIA Tegra X1 (0)","_ZN83_GLOBAL__N__59_tmpxft_00000286_00000000_8_Distributions_compute_72_cpp1_ii_c3aa7ee643distribution_elementwise_grid_stride_kernelIfLi4EZZZN2at6native18normal_kernel_cudaERNS1_14TensorIteratorEddPNS1_9GeneratorEENKUlvE_clEvENKUlvE0_clEvEUlP24curandStatePhilox4_32_10E0_ZNS_27distribution_nullary_kernelIffLi4ESB_ZZZNS2_18normal_kernel_cudaES4_ddS6_ENKS7_clEvENKS8_clEvEUlfE_EEvS4_PNS1_13CUDAGeneratorERKT2_T3_EUlifE_EEviSt4pairImmET1_SG_",1,"l2_write_throughput","L2 Throughput (Writes)",139.449404MB/s,139.449404MB/s,139.449378MB/s
"NVIDIA Tegra X1 (0)","_ZN83_GLOBAL__N__59_tmpxft_00000286_00000000_8_Distributions_compute_72_cpp1_ii_c3aa7ee643distribution_elementwise_grid_stride_kernelIfLi4EZZZN2at6native18normal_kernel_cudaERNS1_14TensorIteratorEddPNS1_9GeneratorEENKUlvE_clEvENKUlvE0_clEvEUlP24curandStatePhilox4_32_10E0_ZNS_27distribution_nullary_kernelIffLi4ESB_ZZZNS2_18normal_kernel_cudaES4_ddS6_ENKS7_clEvENKS8_clEvEUlfE_EEvS4_PNS1_13CUDAGeneratorERKT2_T3_EUlifE_EEviSt4pairImmET1_SG_",1,"sm_efficiency","Multiprocessor Activity",80.184857%,80.184857%,80.184857%
"NVIDIA Tegra X1 (0)","_ZN83_GLOBAL__N__59_tmpxft_00000286_00000000_8_Distributions_compute_72_cpp1_ii_c3aa7ee643distribution_elementwise_grid_stride_kernelIfLi4EZZZN2at6native18normal_kernel_cudaERNS1_14TensorIteratorEddPNS1_9GeneratorEENKUlvE_clEvENKUlvE0_clEvEUlP24curandStatePhilox4_32_10E0_ZNS_27distribution_nullary_kernelIffLi4ESB_ZZZNS2_18normal_kernel_cudaES4_ddS6_ENKS7_clEvENKS8_clEvEUlfE_EEvS4_PNS1_13CUDAGeneratorERKT2_T3_EUlifE_EEviSt4pairImmET1_SG_",1,"flop_count_dp","Floating Point Operations(Double Precision)",0,0,0
"NVIDIA Tegra X1 (0)","_ZN83_GLOBAL__N__59_tmpxft_00000286_00000000_8_Distributions_compute_72_cpp1_ii_c3aa7ee643distribution_elementwise_grid_stride_kernelIfLi4EZZZN2at6native18normal_kernel_cudaERNS1_14TensorIteratorEddPNS1_9GeneratorEENKUlvE_clEvENKUlvE0_clEvEUlP24curandStatePhilox4_32_10E0_ZNS_27distribution_nullary_kernelIffLi4ESB_ZZZNS2_18normal_kernel_cudaES4_ddS6_ENKS7_clEvENKS8_clEvEUlfE_EEvS4_PNS1_13CUDAGeneratorERKT2_T3_EUlifE_EEviSt4pairImmET1_SG_",1,"flop_count_dp_add","Floating Point Operations(Double Precision Add)",0,0,0
"NVIDIA Tegra X1 (0)","_ZN83_GLOBAL__N__59_tmpxft_00000286_00000000_8_Distributions_compute_72_cpp1_ii_c3aa7ee643distribution_elementwise_grid_stride_kernelIfLi4EZZZN2at6native18normal_kernel_cudaERNS1_14TensorIteratorEddPNS1_9GeneratorEENKUlvE_clEvENKUlvE0_clEvEUlP24curandStatePhilox4_32_10E0_ZNS_27distribution_nullary_kernelIffLi4ESB_ZZZNS2_18normal_kernel_cudaES4_ddS6_ENKS7_clEvENKS8_clEvEUlfE_EEvS4_PNS1_13CUDAGeneratorERKT2_T3_EUlifE_EEviSt4pairImmET1_SG_",1,"flop_count_dp_fma","Floating Point Operations(Double Precision FMA)",0,0,0
"NVIDIA Tegra X1 (0)","_ZN83_GLOBAL__N__59_tmpxft_00000286_00000000_8_Distributions_compute_72_cpp1_ii_c3aa7ee643distribution_elementwise_grid_stride_kernelIfLi4EZZZN2at6native18normal_kernel_cudaERNS1_14TensorIteratorEddPNS1_9GeneratorEENKUlvE_clEvENKUlvE0_clEvEUlP24curandStatePhilox4_32_10E0_ZNS_27distribution_nullary_kernelIffLi4ESB_ZZZNS2_18normal_kernel_cudaES4_ddS6_ENKS7_clEvENKS8_clEvEUlfE_EEvS4_PNS1_13CUDAGeneratorERKT2_T3_EUlifE_EEviSt4pairImmET1_SG_",1,"flop_count_dp_mul","Floating Point Operations(Double Precision Mul)",0,0,0
"NVIDIA Tegra X1 (0)","_ZN83_GLOBAL__N__59_tmpxft_00000286_00000000_8_Distributions_compute_72_cpp1_ii_c3aa7ee643distribution_elementwise_grid_stride_kernelIfLi4EZZZN2at6native18normal_kernel_cudaERNS1_14TensorIteratorEddPNS1_9GeneratorEENKUlvE_clEvENKUlvE0_clEvEUlP24curandStatePhilox4_32_10E0_ZNS_27distribution_nullary_kernelIffLi4ESB_ZZZNS2_18normal_kernel_cudaES4_ddS6_ENKS7_clEvENKS8_clEvEUlfE_EEvS4_PNS1_13CUDAGeneratorERKT2_T3_EUlifE_EEviSt4pairImmET1_SG_",1,"flop_count_hp","Floating Point Operations(Half Precision)",0,0,0
"NVIDIA Tegra X1 (0)","_ZN83_GLOBAL__N__59_tmpxft_00000286_00000000_8_Distributions_compute_72_cpp1_ii_c3aa7ee643distribution_elementwise_grid_stride_kernelIfLi4EZZZN2at6native18normal_kernel_cudaERNS1_14TensorIteratorEddPNS1_9GeneratorEENKUlvE_clEvENKUlvE0_clEvEUlP24curandStatePhilox4_32_10E0_ZNS_27distribution_nullary_kernelIffLi4ESB_ZZZNS2_18normal_kernel_cudaES4_ddS6_ENKS7_clEvENKS8_clEvEUlfE_EEvS4_PNS1_13CUDAGeneratorERKT2_T3_EUlifE_EEviSt4pairImmET1_SG_",1,"flop_count_hp_add","Floating Point Operations(Half Precision Add)",0,0,0
"NVIDIA Tegra X1 (0)","_ZN83_GLOBAL__N__59_tmpxft_00000286_00000000_8_Distributions_compute_72_cpp1_ii_c3aa7ee643distribution_elementwise_grid_stride_kernelIfLi4EZZZN2at6native18normal_kernel_cudaERNS1_14TensorIteratorEddPNS1_9GeneratorEENKUlvE_clEvENKUlvE0_clEvEUlP24curandStatePhilox4_32_10E0_ZNS_27distribution_nullary_kernelIffLi4ESB_ZZZNS2_18normal_kernel_cudaES4_ddS6_ENKS7_clEvENKS8_clEvEUlfE_EEvS4_PNS1_13CUDAGeneratorERKT2_T3_EUlifE_EEviSt4pairImmET1_SG_",1,"flop_count_hp_fma","Floating Point Operations(Half Precision FMA)",0,0,0
"NVIDIA Tegra X1 (0)","_ZN83_GLOBAL__N__59_tmpxft_00000286_00000000_8_Distributions_compute_72_cpp1_ii_c3aa7ee643distribution_elementwise_grid_stride_kernelIfLi4EZZZN2at6native18normal_kernel_cudaERNS1_14TensorIteratorEddPNS1_9GeneratorEENKUlvE_clEvENKUlvE0_clEvEUlP24curandStatePhilox4_32_10E0_ZNS_27distribution_nullary_kernelIffLi4ESB_ZZZNS2_18normal_kernel_cudaES4_ddS6_ENKS7_clEvENKS8_clEvEUlfE_EEvS4_PNS1_13CUDAGeneratorERKT2_T3_EUlifE_EEviSt4pairImmET1_SG_",1,"flop_count_hp_mul","Floating Point Operation(Half Precision Mul)",0,0,0
"NVIDIA Tegra X1 (0)","_ZN83_GLOBAL__N__59_tmpxft_00000286_00000000_8_Distributions_compute_72_cpp1_ii_c3aa7ee643distribution_elementwise_grid_stride_kernelIfLi4EZZZN2at6native18normal_kernel_cudaERNS1_14TensorIteratorEddPNS1_9GeneratorEENKUlvE_clEvENKUlvE0_clEvEUlP24curandStatePhilox4_32_10E0_ZNS_27distribution_nullary_kernelIffLi4ESB_ZZZNS2_18normal_kernel_cudaES4_ddS6_ENKS7_clEvENKS8_clEvEUlfE_EEvS4_PNS1_13CUDAGeneratorERKT2_T3_EUlifE_EEviSt4pairImmET1_SG_",1,"flop_count_sp","Floating Point Operations(Single Precision)",99584,99584,99584
"NVIDIA Tegra X1 (0)","_ZN83_GLOBAL__N__59_tmpxft_00000286_00000000_8_Distributions_compute_72_cpp1_ii_c3aa7ee643distribution_elementwise_grid_stride_kernelIfLi4EZZZN2at6native18normal_kernel_cudaERNS1_14TensorIteratorEddPNS1_9GeneratorEENKUlvE_clEvENKUlvE0_clEvEUlP24curandStatePhilox4_32_10E0_ZNS_27distribution_nullary_kernelIffLi4ESB_ZZZNS2_18normal_kernel_cudaES4_ddS6_ENKS7_clEvENKS8_clEvEUlfE_EEvS4_PNS1_13CUDAGeneratorERKT2_T3_EUlifE_EEviSt4pairImmET1_SG_",1,"flop_count_sp_add","Floating Point Operations(Single Precision Add)",5120,5120,5120
"NVIDIA Tegra X1 (0)","_ZN83_GLOBAL__N__59_tmpxft_00000286_00000000_8_Distributions_compute_72_cpp1_ii_c3aa7ee643distribution_elementwise_grid_stride_kernelIfLi4EZZZN2at6native18normal_kernel_cudaERNS1_14TensorIteratorEddPNS1_9GeneratorEENKUlvE_clEvENKUlvE0_clEvEUlP24curandStatePhilox4_32_10E0_ZNS_27distribution_nullary_kernelIffLi4ESB_ZZZNS2_18normal_kernel_cudaES4_ddS6_ENKS7_clEvENKS8_clEvEUlfE_EEvS4_PNS1_13CUDAGeneratorERKT2_T3_EUlifE_EEviSt4pairImmET1_SG_",1,"flop_count_sp_fma","Floating Point Operations(Single Precision FMA)",39552,39552,39552
"NVIDIA Tegra X1 (0)","_ZN83_GLOBAL__N__59_tmpxft_00000286_00000000_8_Distributions_compute_72_cpp1_ii_c3aa7ee643distribution_elementwise_grid_stride_kernelIfLi4EZZZN2at6native18normal_kernel_cudaERNS1_14TensorIteratorEddPNS1_9GeneratorEENKUlvE_clEvENKUlvE0_clEvEUlP24curandStatePhilox4_32_10E0_ZNS_27distribution_nullary_kernelIffLi4ESB_ZZZNS2_18normal_kernel_cudaES4_ddS6_ENKS7_clEvENKS8_clEvEUlfE_EEvS4_PNS1_13CUDAGeneratorERKT2_T3_EUlifE_EEviSt4pairImmET1_SG_",1,"flop_count_sp_mul","Floating Point Operation(Single Precision Mul)",15360,15360,15360
"NVIDIA Tegra X1 (0)","_ZN83_GLOBAL__N__59_tmpxft_00000286_00000000_8_Distributions_compute_72_cpp1_ii_c3aa7ee643distribution_elementwise_grid_stride_kernelIfLi4EZZZN2at6native18normal_kernel_cudaERNS1_14TensorIteratorEddPNS1_9GeneratorEENKUlvE_clEvENKUlvE0_clEvEUlP24curandStatePhilox4_32_10E0_ZNS_27distribution_nullary_kernelIffLi4ESB_ZZZNS2_18normal_kernel_cudaES4_ddS6_ENKS7_clEvENKS8_clEvEUlfE_EEvS4_PNS1_13CUDAGeneratorERKT2_T3_EUlifE_EEviSt4pairImmET1_SG_",1,"flop_count_sp_special","Floating Point Operations(Single Precision Special)",8960,8960,8960
"NVIDIA Tegra X1 (0)","_ZN83_GLOBAL__N__59_tmpxft_00000286_00000000_8_Distributions_compute_72_cpp1_ii_c3aa7ee643distribution_elementwise_grid_stride_kernelIfLi4EZZZN2at6native18normal_kernel_cudaERNS1_14TensorIteratorEddPNS1_9GeneratorEENKUlvE_clEvENKUlvE0_clEvEUlP24curandStatePhilox4_32_10E0_ZNS_27distribution_nullary_kernelIffLi4ESB_ZZZNS2_18normal_kernel_cudaES4_ddS6_ENKS7_clEvENKS8_clEvEUlfE_EEvS4_PNS1_13CUDAGeneratorERKT2_T3_EUlifE_EEviSt4pairImmET1_SG_",1,"flop_dp_efficiency","FLOP Efficiency(Peak Double)",0.000000%,0.000000%,0.000000%
"NVIDIA Tegra X1 (0)","_ZN83_GLOBAL__N__59_tmpxft_00000286_00000000_8_Distributions_compute_72_cpp1_ii_c3aa7ee643distribution_elementwise_grid_stride_kernelIfLi4EZZZN2at6native18normal_kernel_cudaERNS1_14TensorIteratorEddPNS1_9GeneratorEENKUlvE_clEvENKUlvE0_clEvEUlP24curandStatePhilox4_32_10E0_ZNS_27distribution_nullary_kernelIffLi4ESB_ZZZNS2_18normal_kernel_cudaES4_ddS6_ENKS7_clEvENKS8_clEvEUlfE_EEvS4_PNS1_13CUDAGeneratorERKT2_T3_EUlifE_EEviSt4pairImmET1_SG_",1,"flop_hp_efficiency","FLOP Efficiency(Peak Half)",0.000000%,0.000000%,0.000000%
"NVIDIA Tegra X1 (0)","_ZN83_GLOBAL__N__59_tmpxft_00000286_00000000_8_Distributions_compute_72_cpp1_ii_c3aa7ee643distribution_elementwise_grid_stride_kernelIfLi4EZZZN2at6native18normal_kernel_cudaERNS1_14TensorIteratorEddPNS1_9GeneratorEENKUlvE_clEvENKUlvE0_clEvEUlP24curandStatePhilox4_32_10E0_ZNS_27distribution_nullary_kernelIffLi4ESB_ZZZNS2_18normal_kernel_cudaES4_ddS6_ENKS7_clEvENKS8_clEvEUlfE_EEvS4_PNS1_13CUDAGeneratorERKT2_T3_EUlifE_EEviSt4pairImmET1_SG_",1,"flop_sp_efficiency","FLOP Efficiency(Peak Single)",4.925298%,4.925298%,4.925298%
"NVIDIA Tegra X1 (0)","void scalePackedTensor_kernel<float, float>(cudnnTensor4dStruct, float*, float)",1,"achieved_occupancy","Achieved Occupancy",0.810326,0.810326,0.810326
"NVIDIA Tegra X1 (0)","void scalePackedTensor_kernel<float, float>(cudnnTensor4dStruct, float*, float)",1,"ipc","Executed IPC",2.377498,2.377498,2.377498
"NVIDIA Tegra X1 (0)","void scalePackedTensor_kernel<float, float>(cudnnTensor4dStruct, float*, float)",1,"l2_read_throughput","L2 Throughput (Reads)",173.370392MB/s,173.370392MB/s,173.370323MB/s
"NVIDIA Tegra X1 (0)","void scalePackedTensor_kernel<float, float>(cudnnTensor4dStruct, float*, float)",1,"l2_write_throughput","L2 Throughput (Writes)",2.113123GB/s,2.113123GB/s,2.113123GB/s
"NVIDIA Tegra X1 (0)","void scalePackedTensor_kernel<float, float>(cudnnTensor4dStruct, float*, float)",1,"sm_efficiency","Multiprocessor Activity",62.998368%,62.998368%,62.998368%
"NVIDIA Tegra X1 (0)","void scalePackedTensor_kernel<float, float>(cudnnTensor4dStruct, float*, float)",1,"flop_count_dp","Floating Point Operations(Double Precision)",0,0,0
"NVIDIA Tegra X1 (0)","void scalePackedTensor_kernel<float, float>(cudnnTensor4dStruct, float*, float)",1,"flop_count_dp_add","Floating Point Operations(Double Precision Add)",0,0,0
"NVIDIA Tegra X1 (0)","void scalePackedTensor_kernel<float, float>(cudnnTensor4dStruct, float*, float)",1,"flop_count_dp_fma","Floating Point Operations(Double Precision FMA)",0,0,0
"NVIDIA Tegra X1 (0)","void scalePackedTensor_kernel<float, float>(cudnnTensor4dStruct, float*, float)",1,"flop_count_dp_mul","Floating Point Operations(Double Precision Mul)",0,0,0
"NVIDIA Tegra X1 (0)","void scalePackedTensor_kernel<float, float>(cudnnTensor4dStruct, float*, float)",1,"flop_count_hp","Floating Point Operations(Half Precision)",0,0,0
"NVIDIA Tegra X1 (0)","void scalePackedTensor_kernel<float, float>(cudnnTensor4dStruct, float*, float)",1,"flop_count_hp_add","Floating Point Operations(Half Precision Add)",0,0,0
"NVIDIA Tegra X1 (0)","void scalePackedTensor_kernel<float, float>(cudnnTensor4dStruct, float*, float)",1,"flop_count_hp_fma","Floating Point Operations(Half Precision FMA)",0,0,0
"NVIDIA Tegra X1 (0)","void scalePackedTensor_kernel<float, float>(cudnnTensor4dStruct, float*, float)",1,"flop_count_hp_mul","Floating Point Operation(Half Precision Mul)",0,0,0
"NVIDIA Tegra X1 (0)","void scalePackedTensor_kernel<float, float>(cudnnTensor4dStruct, float*, float)",1,"flop_count_sp","Floating Point Operations(Single Precision)",0,0,0
"NVIDIA Tegra X1 (0)","void scalePackedTensor_kernel<float, float>(cudnnTensor4dStruct, float*, float)",1,"flop_count_sp_add","Floating Point Operations(Single Precision Add)",0,0,0
"NVIDIA Tegra X1 (0)","void scalePackedTensor_kernel<float, float>(cudnnTensor4dStruct, float*, float)",1,"flop_count_sp_fma","Floating Point Operations(Single Precision FMA)",0,0,0
"NVIDIA Tegra X1 (0)","void scalePackedTensor_kernel<float, float>(cudnnTensor4dStruct, float*, float)",1,"flop_count_sp_mul","Floating Point Operation(Single Precision Mul)",0,0,0
"NVIDIA Tegra X1 (0)","void scalePackedTensor_kernel<float, float>(cudnnTensor4dStruct, float*, float)",1,"flop_count_sp_special","Floating Point Operations(Single Precision Special)",0,0,0
"NVIDIA Tegra X1 (0)","void scalePackedTensor_kernel<float, float>(cudnnTensor4dStruct, float*, float)",1,"flop_dp_efficiency","FLOP Efficiency(Peak Double)",0.000000%,0.000000%,0.000000%
"NVIDIA Tegra X1 (0)","void scalePackedTensor_kernel<float, float>(cudnnTensor4dStruct, float*, float)",1,"flop_hp_efficiency","FLOP Efficiency(Peak Half)",0.000000%,0.000000%,0.000000%
"NVIDIA Tegra X1 (0)","void scalePackedTensor_kernel<float, float>(cudnnTensor4dStruct, float*, float)",1,"flop_sp_efficiency","FLOP Efficiency(Peak Single)",0.000000%,0.000000%,0.000000%
"NVIDIA Tegra X1 (0)","void cudnn::detail::dgrad2d_alg1_1<float, int=0, int=6, int=7, int=5, int=4, int=5, bool=1, bool=1>(int, int, int, float const *, int, float const , int, cudnn::detail::dgrad2d_alg1_1<float, int=0, int=6, int=7, int=5, int=4, int=5, bool=1, bool=1>*, kernel_grad_params, int, int, float, int, int)",1,"achieved_occupancy","Achieved Occupancy",0.226663,0.226663,0.226663
"NVIDIA Tegra X1 (0)","void cudnn::detail::dgrad2d_alg1_1<float, int=0, int=6, int=7, int=5, int=4, int=5, bool=1, bool=1>(int, int, int, float const *, int, float const , int, cudnn::detail::dgrad2d_alg1_1<float, int=0, int=6, int=7, int=5, int=4, int=5, bool=1, bool=1>*, kernel_grad_params, int, int, float, int, int)",1,"ipc","Executed IPC",2.030920,2.030920,2.030920
"NVIDIA Tegra X1 (0)","void cudnn::detail::dgrad2d_alg1_1<float, int=0, int=6, int=7, int=5, int=4, int=5, bool=1, bool=1>(int, int, int, float const *, int, float const , int, cudnn::detail::dgrad2d_alg1_1<float, int=0, int=6, int=7, int=5, int=4, int=5, bool=1, bool=1>*, kernel_grad_params, int, int, float, int, int)",1,"l2_read_throughput","L2 Throughput (Reads)",597.886785MB/s,597.886785MB/s,597.886784MB/s
"NVIDIA Tegra X1 (0)","void cudnn::detail::dgrad2d_alg1_1<float, int=0, int=6, int=7, int=5, int=4, int=5, bool=1, bool=1>(int, int, int, float const *, int, float const , int, cudnn::detail::dgrad2d_alg1_1<float, int=0, int=6, int=7, int=5, int=4, int=5, bool=1, bool=1>*, kernel_grad_params, int, int, float, int, int)",1,"l2_write_throughput","L2 Throughput (Writes)",120.249256MB/s,120.249256MB/s,120.249255MB/s
"NVIDIA Tegra X1 (0)","void cudnn::detail::dgrad2d_alg1_1<float, int=0, int=6, int=7, int=5, int=4, int=5, bool=1, bool=1>(int, int, int, float const *, int, float const , int, cudnn::detail::dgrad2d_alg1_1<float, int=0, int=6, int=7, int=5, int=4, int=5, bool=1, bool=1>*, kernel_grad_params, int, int, float, int, int)",1,"sm_efficiency","Multiprocessor Activity",98.869326%,98.869326%,98.869326%
"NVIDIA Tegra X1 (0)","void cudnn::detail::dgrad2d_alg1_1<float, int=0, int=6, int=7, int=5, int=4, int=5, bool=1, bool=1>(int, int, int, float const *, int, float const , int, cudnn::detail::dgrad2d_alg1_1<float, int=0, int=6, int=7, int=5, int=4, int=5, bool=1, bool=1>*, kernel_grad_params, int, int, float, int, int)",1,"flop_count_dp","Floating Point Operations(Double Precision)",0,0,0
"NVIDIA Tegra X1 (0)","void cudnn::detail::dgrad2d_alg1_1<float, int=0, int=6, int=7, int=5, int=4, int=5, bool=1, bool=1>(int, int, int, float const *, int, float const , int, cudnn::detail::dgrad2d_alg1_1<float, int=0, int=6, int=7, int=5, int=4, int=5, bool=1, bool=1>*, kernel_grad_params, int, int, float, int, int)",1,"flop_count_dp_add","Floating Point Operations(Double Precision Add)",0,0,0
"NVIDIA Tegra X1 (0)","void cudnn::detail::dgrad2d_alg1_1<float, int=0, int=6, int=7, int=5, int=4, int=5, bool=1, bool=1>(int, int, int, float const *, int, float const , int, cudnn::detail::dgrad2d_alg1_1<float, int=0, int=6, int=7, int=5, int=4, int=5, bool=1, bool=1>*, kernel_grad_params, int, int, float, int, int)",1,"flop_count_dp_fma","Floating Point Operations(Double Precision FMA)",0,0,0
"NVIDIA Tegra X1 (0)","void cudnn::detail::dgrad2d_alg1_1<float, int=0, int=6, int=7, int=5, int=4, int=5, bool=1, bool=1>(int, int, int, float const *, int, float const , int, cudnn::detail::dgrad2d_alg1_1<float, int=0, int=6, int=7, int=5, int=4, int=5, bool=1, bool=1>*, kernel_grad_params, int, int, float, int, int)",1,"flop_count_dp_mul","Floating Point Operations(Double Precision Mul)",0,0,0
"NVIDIA Tegra X1 (0)","void cudnn::detail::dgrad2d_alg1_1<float, int=0, int=6, int=7, int=5, int=4, int=5, bool=1, bool=1>(int, int, int, float const *, int, float const , int, cudnn::detail::dgrad2d_alg1_1<float, int=0, int=6, int=7, int=5, int=4, int=5, bool=1, bool=1>*, kernel_grad_params, int, int, float, int, int)",1,"flop_count_hp","Floating Point Operations(Half Precision)",0,0,0
"NVIDIA Tegra X1 (0)","void cudnn::detail::dgrad2d_alg1_1<float, int=0, int=6, int=7, int=5, int=4, int=5, bool=1, bool=1>(int, int, int, float const *, int, float const , int, cudnn::detail::dgrad2d_alg1_1<float, int=0, int=6, int=7, int=5, int=4, int=5, bool=1, bool=1>*, kernel_grad_params, int, int, float, int, int)",1,"flop_count_hp_add","Floating Point Operations(Half Precision Add)",0,0,0
"NVIDIA Tegra X1 (0)","void cudnn::detail::dgrad2d_alg1_1<float, int=0, int=6, int=7, int=5, int=4, int=5, bool=1, bool=1>(int, int, int, float const *, int, float const , int, cudnn::detail::dgrad2d_alg1_1<float, int=0, int=6, int=7, int=5, int=4, int=5, bool=1, bool=1>*, kernel_grad_params, int, int, float, int, int)",1,"flop_count_hp_fma","Floating Point Operations(Half Precision FMA)",0,0,0
"NVIDIA Tegra X1 (0)","void cudnn::detail::dgrad2d_alg1_1<float, int=0, int=6, int=7, int=5, int=4, int=5, bool=1, bool=1>(int, int, int, float const *, int, float const , int, cudnn::detail::dgrad2d_alg1_1<float, int=0, int=6, int=7, int=5, int=4, int=5, bool=1, bool=1>*, kernel_grad_params, int, int, float, int, int)",1,"flop_count_hp_mul","Floating Point Operation(Half Precision Mul)",0,0,0
"NVIDIA Tegra X1 (0)","void cudnn::detail::dgrad2d_alg1_1<float, int=0, int=6, int=7, int=5, int=4, int=5, bool=1, bool=1>(int, int, int, float const *, int, float const , int, cudnn::detail::dgrad2d_alg1_1<float, int=0, int=6, int=7, int=5, int=4, int=5, bool=1, bool=1>*, kernel_grad_params, int, int, float, int, int)",1,"flop_count_sp","Floating Point Operations(Single Precision)",10556640,10556640,10556640
"NVIDIA Tegra X1 (0)","void cudnn::detail::dgrad2d_alg1_1<float, int=0, int=6, int=7, int=5, int=4, int=5, bool=1, bool=1>(int, int, int, float const *, int, float const , int, cudnn::detail::dgrad2d_alg1_1<float, int=0, int=6, int=7, int=5, int=4, int=5, bool=1, bool=1>*, kernel_grad_params, int, int, float, int, int)",1,"flop_count_sp_add","Floating Point Operations(Single Precision Add)",51840,51840,51840
"NVIDIA Tegra X1 (0)","void cudnn::detail::dgrad2d_alg1_1<float, int=0, int=6, int=7, int=5, int=4, int=5, bool=1, bool=1>(int, int, int, float const *, int, float const , int, cudnn::detail::dgrad2d_alg1_1<float, int=0, int=6, int=7, int=5, int=4, int=5, bool=1, bool=1>*, kernel_grad_params, int, int, float, int, int)",1,"flop_count_sp_fma","Floating Point Operations(Single Precision FMA)",5252400,5252400,5252400
"NVIDIA Tegra X1 (0)","void cudnn::detail::dgrad2d_alg1_1<float, int=0, int=6, int=7, int=5, int=4, int=5, bool=1, bool=1>(int, int, int, float const *, int, float const , int, cudnn::detail::dgrad2d_alg1_1<float, int=0, int=6, int=7, int=5, int=4, int=5, bool=1, bool=1>*, kernel_grad_params, int, int, float, int, int)",1,"flop_count_sp_mul","Floating Point Operation(Single Precision Mul)",0,0,0
"NVIDIA Tegra X1 (0)","void cudnn::detail::dgrad2d_alg1_1<float, int=0, int=6, int=7, int=5, int=4, int=5, bool=1, bool=1>(int, int, int, float const *, int, float const , int, cudnn::detail::dgrad2d_alg1_1<float, int=0, int=6, int=7, int=5, int=4, int=5, bool=1, bool=1>*, kernel_grad_params, int, int, float, int, int)",1,"flop_count_sp_special","Floating Point Operations(Single Precision Special)",31040,31040,31040
"NVIDIA Tegra X1 (0)","void cudnn::detail::dgrad2d_alg1_1<float, int=0, int=6, int=7, int=5, int=4, int=5, bool=1, bool=1>(int, int, int, float const *, int, float const , int, cudnn::detail::dgrad2d_alg1_1<float, int=0, int=6, int=7, int=5, int=4, int=5, bool=1, bool=1>*, kernel_grad_params, int, int, float, int, int)",1,"flop_dp_efficiency","FLOP Efficiency(Peak Double)",0.000000%,0.000000%,0.000000%
"NVIDIA Tegra X1 (0)","void cudnn::detail::dgrad2d_alg1_1<float, int=0, int=6, int=7, int=5, int=4, int=5, bool=1, bool=1>(int, int, int, float const *, int, float const , int, cudnn::detail::dgrad2d_alg1_1<float, int=0, int=6, int=7, int=5, int=4, int=5, bool=1, bool=1>*, kernel_grad_params, int, int, float, int, int)",1,"flop_hp_efficiency","FLOP Efficiency(Peak Half)",0.000000%,0.000000%,0.000000%
"NVIDIA Tegra X1 (0)","void cudnn::detail::dgrad2d_alg1_1<float, int=0, int=6, int=7, int=5, int=4, int=5, bool=1, bool=1>(int, int, int, float const *, int, float const , int, cudnn::detail::dgrad2d_alg1_1<float, int=0, int=6, int=7, int=5, int=4, int=5, bool=1, bool=1>*, kernel_grad_params, int, int, float, int, int)",1,"flop_sp_efficiency","FLOP Efficiency(Peak Single)",20.585192%,20.585192%,20.585192%
"NVIDIA Tegra X1 (0)","void add_tensor_kernel_v3<int=2, float, float, int=128, int=1, int=1, int=4, int=2>(cudnnTensorStruct, float*, cudnnTensorStruct, float const *, float, float, int, int, int)",1,"achieved_occupancy","Achieved Occupancy",0.737919,0.737919,0.737919
"NVIDIA Tegra X1 (0)","void add_tensor_kernel_v3<int=2, float, float, int=128, int=1, int=1, int=4, int=2>(cudnnTensorStruct, float*, cudnnTensorStruct, float const *, float, float, int, int, int)",1,"ipc","Executed IPC",2.711187,2.711187,2.711187
"NVIDIA Tegra X1 (0)","void add_tensor_kernel_v3<int=2, float, float, int=128, int=1, int=1, int=4, int=2>(cudnnTensorStruct, float*, cudnnTensorStruct, float const *, float, float, int, int, int)",1,"l2_read_throughput","L2 Throughput (Reads)",1.273150GB/s,1.273150GB/s,1.273150GB/s
"NVIDIA Tegra X1 (0)","void add_tensor_kernel_v3<int=2, float, float, int=128, int=1, int=1, int=4, int=2>(cudnnTensorStruct, float*, cudnnTensorStruct, float const *, float, float, int, int, int)",1,"l2_write_throughput","L2 Throughput (Writes)",1.063080GB/s,1.063080GB/s,1.063080GB/s
"NVIDIA Tegra X1 (0)","void add_tensor_kernel_v3<int=2, float, float, int=128, int=1, int=1, int=4, int=2>(cudnnTensorStruct, float*, cudnnTensorStruct, float const *, float, float, int, int, int)",1,"sm_efficiency","Multiprocessor Activity",76.707531%,76.707531%,76.707531%
"NVIDIA Tegra X1 (0)","void add_tensor_kernel_v3<int=2, float, float, int=128, int=1, int=1, int=4, int=2>(cudnnTensorStruct, float*, cudnnTensorStruct, float const *, float, float, int, int, int)",1,"flop_count_dp","Floating Point Operations(Double Precision)",0,0,0
"NVIDIA Tegra X1 (0)","void add_tensor_kernel_v3<int=2, float, float, int=128, int=1, int=1, int=4, int=2>(cudnnTensorStruct, float*, cudnnTensorStruct, float const *, float, float, int, int, int)",1,"flop_count_dp_add","Floating Point Operations(Double Precision Add)",0,0,0
"NVIDIA Tegra X1 (0)","void add_tensor_kernel_v3<int=2, float, float, int=128, int=1, int=1, int=4, int=2>(cudnnTensorStruct, float*, cudnnTensorStruct, float const *, float, float, int, int, int)",1,"flop_count_dp_fma","Floating Point Operations(Double Precision FMA)",0,0,0
"NVIDIA Tegra X1 (0)","void add_tensor_kernel_v3<int=2, float, float, int=128, int=1, int=1, int=4, int=2>(cudnnTensorStruct, float*, cudnnTensorStruct, float const *, float, float, int, int, int)",1,"flop_count_dp_mul","Floating Point Operations(Double Precision Mul)",0,0,0
"NVIDIA Tegra X1 (0)","void add_tensor_kernel_v3<int=2, float, float, int=128, int=1, int=1, int=4, int=2>(cudnnTensorStruct, float*, cudnnTensorStruct, float const *, float, float, int, int, int)",1,"flop_count_hp","Floating Point Operations(Half Precision)",0,0,0
"NVIDIA Tegra X1 (0)","void add_tensor_kernel_v3<int=2, float, float, int=128, int=1, int=1, int=4, int=2>(cudnnTensorStruct, float*, cudnnTensorStruct, float const *, float, float, int, int, int)",1,"flop_count_hp_add","Floating Point Operations(Half Precision Add)",0,0,0
"NVIDIA Tegra X1 (0)","void add_tensor_kernel_v3<int=2, float, float, int=128, int=1, int=1, int=4, int=2>(cudnnTensorStruct, float*, cudnnTensorStruct, float const *, float, float, int, int, int)",1,"flop_count_hp_fma","Floating Point Operations(Half Precision FMA)",0,0,0
"NVIDIA Tegra X1 (0)","void add_tensor_kernel_v3<int=2, float, float, int=128, int=1, int=1, int=4, int=2>(cudnnTensorStruct, float*, cudnnTensorStruct, float const *, float, float, int, int, int)",1,"flop_count_hp_mul","Floating Point Operation(Half Precision Mul)",0,0,0
"NVIDIA Tegra X1 (0)","void add_tensor_kernel_v3<int=2, float, float, int=128, int=1, int=1, int=4, int=2>(cudnnTensorStruct, float*, cudnnTensorStruct, float const *, float, float, int, int, int)",1,"flop_count_sp","Floating Point Operations(Single Precision)",19680,19680,19680
"NVIDIA Tegra X1 (0)","void add_tensor_kernel_v3<int=2, float, float, int=128, int=1, int=1, int=4, int=2>(cudnnTensorStruct, float*, cudnnTensorStruct, float const *, float, float, int, int, int)",1,"flop_count_sp_add","Floating Point Operations(Single Precision Add)",2560,2560,2560
"NVIDIA Tegra X1 (0)","void add_tensor_kernel_v3<int=2, float, float, int=128, int=1, int=1, int=4, int=2>(cudnnTensorStruct, float*, cudnnTensorStruct, float const *, float, float, int, int, int)",1,"flop_count_sp_fma","Floating Point Operations(Single Precision FMA)",5280,5280,5280
"NVIDIA Tegra X1 (0)","void add_tensor_kernel_v3<int=2, float, float, int=128, int=1, int=1, int=4, int=2>(cudnnTensorStruct, float*, cudnnTensorStruct, float const *, float, float, int, int, int)",1,"flop_count_sp_mul","Floating Point Operation(Single Precision Mul)",6560,6560,6560
"NVIDIA Tegra X1 (0)","void add_tensor_kernel_v3<int=2, float, float, int=128, int=1, int=1, int=4, int=2>(cudnnTensorStruct, float*, cudnnTensorStruct, float const *, float, float, int, int, int)",1,"flop_count_sp_special","Floating Point Operations(Single Precision Special)",7680,7680,7680
"NVIDIA Tegra X1 (0)","void add_tensor_kernel_v3<int=2, float, float, int=128, int=1, int=1, int=4, int=2>(cudnnTensorStruct, float*, cudnnTensorStruct, float const *, float, float, int, int, int)",1,"flop_dp_efficiency","FLOP Efficiency(Peak Double)",0.000000%,0.000000%,0.000000%
"NVIDIA Tegra X1 (0)","void add_tensor_kernel_v3<int=2, float, float, int=128, int=1, int=1, int=4, int=2>(cudnnTensorStruct, float*, cudnnTensorStruct, float const *, float, float, int, int, int)",1,"flop_hp_efficiency","FLOP Efficiency(Peak Half)",0.000000%,0.000000%,0.000000%
"NVIDIA Tegra X1 (0)","void add_tensor_kernel_v3<int=2, float, float, int=128, int=1, int=1, int=4, int=2>(cudnnTensorStruct, float*, cudnnTensorStruct, float const *, float, float, int, int, int)",1,"flop_sp_efficiency","FLOP Efficiency(Peak Single)",1.121935%,1.121935%,1.121935%
