==1728== NVPROF is profiling process 1728, command: python TorchDCNN.py mnist 3 1
==1728== Some kernel(s) will be replayed on device 0 in order to collect all events/metrics.
==1728== Profiling application: python TorchDCNN.py mnist 3 1
==1728== Profiling result:
==1728== Metric result:
"Device","Kernel","Invocations","Metric Name","Metric Description","Min","Max","Avg"
"NVIDIA Tegra X1 (0)","_ZN83_GLOBAL__N__59_tmpxft_00000286_00000000_8_Distributions_compute_72_cpp1_ii_c3aa7ee643distribution_elementwise_grid_stride_kernelIfLi4EZZZN2at6native18normal_kernel_cudaERNS1_14TensorIteratorEddPNS1_9GeneratorEENKUlvE_clEvENKUlvE0_clEvEUlP24curandStatePhilox4_32_10E0_ZNS_27distribution_nullary_kernelIffLi4ESB_ZZZNS2_18normal_kernel_cudaES4_ddS6_ENKS7_clEvENKS8_clEvEUlfE_EEvS4_PNS1_13CUDAGeneratorERKT2_T3_EUlifE_EEviSt4pairImmET1_SG_",1,"achieved_occupancy","Achieved Occupancy",0.402890,0.402890,0.402890
"NVIDIA Tegra X1 (0)","_ZN83_GLOBAL__N__59_tmpxft_00000286_00000000_8_Distributions_compute_72_cpp1_ii_c3aa7ee643distribution_elementwise_grid_stride_kernelIfLi4EZZZN2at6native18normal_kernel_cudaERNS1_14TensorIteratorEddPNS1_9GeneratorEENKUlvE_clEvENKUlvE0_clEvEUlP24curandStatePhilox4_32_10E0_ZNS_27distribution_nullary_kernelIffLi4ESB_ZZZNS2_18normal_kernel_cudaES4_ddS6_ENKS7_clEvENKS8_clEvEUlfE_EEvS4_PNS1_13CUDAGeneratorERKT2_T3_EUlifE_EEviSt4pairImmET1_SG_",1,"ipc","Executed IPC",3.073459,3.073459,3.073459
"NVIDIA Tegra X1 (0)","_ZN83_GLOBAL__N__59_tmpxft_00000286_00000000_8_Distributions_compute_72_cpp1_ii_c3aa7ee643distribution_elementwise_grid_stride_kernelIfLi4EZZZN2at6native18normal_kernel_cudaERNS1_14TensorIteratorEddPNS1_9GeneratorEENKUlvE_clEvENKUlvE0_clEvEUlP24curandStatePhilox4_32_10E0_ZNS_27distribution_nullary_kernelIffLi4ESB_ZZZNS2_18normal_kernel_cudaES4_ddS6_ENKS7_clEvENKS8_clEvEUlfE_EEvS4_PNS1_13CUDAGeneratorERKT2_T3_EUlifE_EEviSt4pairImmET1_SG_",1,"l2_read_throughput","L2 Throughput (Reads)",243.626303MB/s,243.626303MB/s,243.626276MB/s
"NVIDIA Tegra X1 (0)","_ZN83_GLOBAL__N__59_tmpxft_00000286_00000000_8_Distributions_compute_72_cpp1_ii_c3aa7ee643distribution_elementwise_grid_stride_kernelIfLi4EZZZN2at6native18normal_kernel_cudaERNS1_14TensorIteratorEddPNS1_9GeneratorEENKUlvE_clEvENKUlvE0_clEvEUlP24curandStatePhilox4_32_10E0_ZNS_27distribution_nullary_kernelIffLi4ESB_ZZZNS2_18normal_kernel_cudaES4_ddS6_ENKS7_clEvENKS8_clEvEUlfE_EEvS4_PNS1_13CUDAGeneratorERKT2_T3_EUlifE_EEviSt4pairImmET1_SG_",1,"l2_write_throughput","L2 Throughput (Writes)",140.423493MB/s,140.423493MB/s,140.423467MB/s
"NVIDIA Tegra X1 (0)","_ZN83_GLOBAL__N__59_tmpxft_00000286_00000000_8_Distributions_compute_72_cpp1_ii_c3aa7ee643distribution_elementwise_grid_stride_kernelIfLi4EZZZN2at6native18normal_kernel_cudaERNS1_14TensorIteratorEddPNS1_9GeneratorEENKUlvE_clEvENKUlvE0_clEvEUlP24curandStatePhilox4_32_10E0_ZNS_27distribution_nullary_kernelIffLi4ESB_ZZZNS2_18normal_kernel_cudaES4_ddS6_ENKS7_clEvENKS8_clEvEUlfE_EEvS4_PNS1_13CUDAGeneratorERKT2_T3_EUlifE_EEviSt4pairImmET1_SG_",1,"sm_efficiency","Multiprocessor Activity",81.360202%,81.360202%,81.360202%
"NVIDIA Tegra X1 (0)","_ZN83_GLOBAL__N__59_tmpxft_00000286_00000000_8_Distributions_compute_72_cpp1_ii_c3aa7ee643distribution_elementwise_grid_stride_kernelIfLi4EZZZN2at6native18normal_kernel_cudaERNS1_14TensorIteratorEddPNS1_9GeneratorEENKUlvE_clEvENKUlvE0_clEvEUlP24curandStatePhilox4_32_10E0_ZNS_27distribution_nullary_kernelIffLi4ESB_ZZZNS2_18normal_kernel_cudaES4_ddS6_ENKS7_clEvENKS8_clEvEUlfE_EEvS4_PNS1_13CUDAGeneratorERKT2_T3_EUlifE_EEviSt4pairImmET1_SG_",1,"flop_count_dp","Floating Point Operations(Double Precision)",0,0,0
"NVIDIA Tegra X1 (0)","_ZN83_GLOBAL__N__59_tmpxft_00000286_00000000_8_Distributions_compute_72_cpp1_ii_c3aa7ee643distribution_elementwise_grid_stride_kernelIfLi4EZZZN2at6native18normal_kernel_cudaERNS1_14TensorIteratorEddPNS1_9GeneratorEENKUlvE_clEvENKUlvE0_clEvEUlP24curandStatePhilox4_32_10E0_ZNS_27distribution_nullary_kernelIffLi4ESB_ZZZNS2_18normal_kernel_cudaES4_ddS6_ENKS7_clEvENKS8_clEvEUlfE_EEvS4_PNS1_13CUDAGeneratorERKT2_T3_EUlifE_EEviSt4pairImmET1_SG_",1,"flop_count_dp_add","Floating Point Operations(Double Precision Add)",0,0,0
"NVIDIA Tegra X1 (0)","_ZN83_GLOBAL__N__59_tmpxft_00000286_00000000_8_Distributions_compute_72_cpp1_ii_c3aa7ee643distribution_elementwise_grid_stride_kernelIfLi4EZZZN2at6native18normal_kernel_cudaERNS1_14TensorIteratorEddPNS1_9GeneratorEENKUlvE_clEvENKUlvE0_clEvEUlP24curandStatePhilox4_32_10E0_ZNS_27distribution_nullary_kernelIffLi4ESB_ZZZNS2_18normal_kernel_cudaES4_ddS6_ENKS7_clEvENKS8_clEvEUlfE_EEvS4_PNS1_13CUDAGeneratorERKT2_T3_EUlifE_EEviSt4pairImmET1_SG_",1,"flop_count_dp_fma","Floating Point Operations(Double Precision FMA)",0,0,0
"NVIDIA Tegra X1 (0)","_ZN83_GLOBAL__N__59_tmpxft_00000286_00000000_8_Distributions_compute_72_cpp1_ii_c3aa7ee643distribution_elementwise_grid_stride_kernelIfLi4EZZZN2at6native18normal_kernel_cudaERNS1_14TensorIteratorEddPNS1_9GeneratorEENKUlvE_clEvENKUlvE0_clEvEUlP24curandStatePhilox4_32_10E0_ZNS_27distribution_nullary_kernelIffLi4ESB_ZZZNS2_18normal_kernel_cudaES4_ddS6_ENKS7_clEvENKS8_clEvEUlfE_EEvS4_PNS1_13CUDAGeneratorERKT2_T3_EUlifE_EEviSt4pairImmET1_SG_",1,"flop_count_dp_mul","Floating Point Operations(Double Precision Mul)",0,0,0
"NVIDIA Tegra X1 (0)","_ZN83_GLOBAL__N__59_tmpxft_00000286_00000000_8_Distributions_compute_72_cpp1_ii_c3aa7ee643distribution_elementwise_grid_stride_kernelIfLi4EZZZN2at6native18normal_kernel_cudaERNS1_14TensorIteratorEddPNS1_9GeneratorEENKUlvE_clEvENKUlvE0_clEvEUlP24curandStatePhilox4_32_10E0_ZNS_27distribution_nullary_kernelIffLi4ESB_ZZZNS2_18normal_kernel_cudaES4_ddS6_ENKS7_clEvENKS8_clEvEUlfE_EEvS4_PNS1_13CUDAGeneratorERKT2_T3_EUlifE_EEviSt4pairImmET1_SG_",1,"flop_count_hp","Floating Point Operations(Half Precision)",0,0,0
"NVIDIA Tegra X1 (0)","_ZN83_GLOBAL__N__59_tmpxft_00000286_00000000_8_Distributions_compute_72_cpp1_ii_c3aa7ee643distribution_elementwise_grid_stride_kernelIfLi4EZZZN2at6native18normal_kernel_cudaERNS1_14TensorIteratorEddPNS1_9GeneratorEENKUlvE_clEvENKUlvE0_clEvEUlP24curandStatePhilox4_32_10E0_ZNS_27distribution_nullary_kernelIffLi4ESB_ZZZNS2_18normal_kernel_cudaES4_ddS6_ENKS7_clEvENKS8_clEvEUlfE_EEvS4_PNS1_13CUDAGeneratorERKT2_T3_EUlifE_EEviSt4pairImmET1_SG_",1,"flop_count_hp_add","Floating Point Operations(Half Precision Add)",0,0,0
"NVIDIA Tegra X1 (0)","_ZN83_GLOBAL__N__59_tmpxft_00000286_00000000_8_Distributions_compute_72_cpp1_ii_c3aa7ee643distribution_elementwise_grid_stride_kernelIfLi4EZZZN2at6native18normal_kernel_cudaERNS1_14TensorIteratorEddPNS1_9GeneratorEENKUlvE_clEvENKUlvE0_clEvEUlP24curandStatePhilox4_32_10E0_ZNS_27distribution_nullary_kernelIffLi4ESB_ZZZNS2_18normal_kernel_cudaES4_ddS6_ENKS7_clEvENKS8_clEvEUlfE_EEvS4_PNS1_13CUDAGeneratorERKT2_T3_EUlifE_EEviSt4pairImmET1_SG_",1,"flop_count_hp_fma","Floating Point Operations(Half Precision FMA)",0,0,0
"NVIDIA Tegra X1 (0)","_ZN83_GLOBAL__N__59_tmpxft_00000286_00000000_8_Distributions_compute_72_cpp1_ii_c3aa7ee643distribution_elementwise_grid_stride_kernelIfLi4EZZZN2at6native18normal_kernel_cudaERNS1_14TensorIteratorEddPNS1_9GeneratorEENKUlvE_clEvENKUlvE0_clEvEUlP24curandStatePhilox4_32_10E0_ZNS_27distribution_nullary_kernelIffLi4ESB_ZZZNS2_18normal_kernel_cudaES4_ddS6_ENKS7_clEvENKS8_clEvEUlfE_EEvS4_PNS1_13CUDAGeneratorERKT2_T3_EUlifE_EEviSt4pairImmET1_SG_",1,"flop_count_hp_mul","Floating Point Operation(Half Precision Mul)",0,0,0
"NVIDIA Tegra X1 (0)","_ZN83_GLOBAL__N__59_tmpxft_00000286_00000000_8_Distributions_compute_72_cpp1_ii_c3aa7ee643distribution_elementwise_grid_stride_kernelIfLi4EZZZN2at6native18normal_kernel_cudaERNS1_14TensorIteratorEddPNS1_9GeneratorEENKUlvE_clEvENKUlvE0_clEvEUlP24curandStatePhilox4_32_10E0_ZNS_27distribution_nullary_kernelIffLi4ESB_ZZZNS2_18normal_kernel_cudaES4_ddS6_ENKS7_clEvENKS8_clEvEUlfE_EEvS4_PNS1_13CUDAGeneratorERKT2_T3_EUlifE_EEviSt4pairImmET1_SG_",1,"flop_count_sp","Floating Point Operations(Single Precision)",99584,99584,99584
"NVIDIA Tegra X1 (0)","_ZN83_GLOBAL__N__59_tmpxft_00000286_00000000_8_Distributions_compute_72_cpp1_ii_c3aa7ee643distribution_elementwise_grid_stride_kernelIfLi4EZZZN2at6native18normal_kernel_cudaERNS1_14TensorIteratorEddPNS1_9GeneratorEENKUlvE_clEvENKUlvE0_clEvEUlP24curandStatePhilox4_32_10E0_ZNS_27distribution_nullary_kernelIffLi4ESB_ZZZNS2_18normal_kernel_cudaES4_ddS6_ENKS7_clEvENKS8_clEvEUlfE_EEvS4_PNS1_13CUDAGeneratorERKT2_T3_EUlifE_EEviSt4pairImmET1_SG_",1,"flop_count_sp_add","Floating Point Operations(Single Precision Add)",5120,5120,5120
"NVIDIA Tegra X1 (0)","_ZN83_GLOBAL__N__59_tmpxft_00000286_00000000_8_Distributions_compute_72_cpp1_ii_c3aa7ee643distribution_elementwise_grid_stride_kernelIfLi4EZZZN2at6native18normal_kernel_cudaERNS1_14TensorIteratorEddPNS1_9GeneratorEENKUlvE_clEvENKUlvE0_clEvEUlP24curandStatePhilox4_32_10E0_ZNS_27distribution_nullary_kernelIffLi4ESB_ZZZNS2_18normal_kernel_cudaES4_ddS6_ENKS7_clEvENKS8_clEvEUlfE_EEvS4_PNS1_13CUDAGeneratorERKT2_T3_EUlifE_EEviSt4pairImmET1_SG_",1,"flop_count_sp_fma","Floating Point Operations(Single Precision FMA)",39552,39552,39552
"NVIDIA Tegra X1 (0)","_ZN83_GLOBAL__N__59_tmpxft_00000286_00000000_8_Distributions_compute_72_cpp1_ii_c3aa7ee643distribution_elementwise_grid_stride_kernelIfLi4EZZZN2at6native18normal_kernel_cudaERNS1_14TensorIteratorEddPNS1_9GeneratorEENKUlvE_clEvENKUlvE0_clEvEUlP24curandStatePhilox4_32_10E0_ZNS_27distribution_nullary_kernelIffLi4ESB_ZZZNS2_18normal_kernel_cudaES4_ddS6_ENKS7_clEvENKS8_clEvEUlfE_EEvS4_PNS1_13CUDAGeneratorERKT2_T3_EUlifE_EEviSt4pairImmET1_SG_",1,"flop_count_sp_mul","Floating Point Operation(Single Precision Mul)",15360,15360,15360
"NVIDIA Tegra X1 (0)","_ZN83_GLOBAL__N__59_tmpxft_00000286_00000000_8_Distributions_compute_72_cpp1_ii_c3aa7ee643distribution_elementwise_grid_stride_kernelIfLi4EZZZN2at6native18normal_kernel_cudaERNS1_14TensorIteratorEddPNS1_9GeneratorEENKUlvE_clEvENKUlvE0_clEvEUlP24curandStatePhilox4_32_10E0_ZNS_27distribution_nullary_kernelIffLi4ESB_ZZZNS2_18normal_kernel_cudaES4_ddS6_ENKS7_clEvENKS8_clEvEUlfE_EEvS4_PNS1_13CUDAGeneratorERKT2_T3_EUlifE_EEviSt4pairImmET1_SG_",1,"flop_count_sp_special","Floating Point Operations(Single Precision Special)",8960,8960,8960
"NVIDIA Tegra X1 (0)","_ZN83_GLOBAL__N__59_tmpxft_00000286_00000000_8_Distributions_compute_72_cpp1_ii_c3aa7ee643distribution_elementwise_grid_stride_kernelIfLi4EZZZN2at6native18normal_kernel_cudaERNS1_14TensorIteratorEddPNS1_9GeneratorEENKUlvE_clEvENKUlvE0_clEvEUlP24curandStatePhilox4_32_10E0_ZNS_27distribution_nullary_kernelIffLi4ESB_ZZZNS2_18normal_kernel_cudaES4_ddS6_ENKS7_clEvENKS8_clEvEUlfE_EEvS4_PNS1_13CUDAGeneratorERKT2_T3_EUlifE_EEviSt4pairImmET1_SG_",1,"flop_dp_efficiency","FLOP Efficiency(Peak Double)",0.000000%,0.000000%,0.000000%
"NVIDIA Tegra X1 (0)","_ZN83_GLOBAL__N__59_tmpxft_00000286_00000000_8_Distributions_compute_72_cpp1_ii_c3aa7ee643distribution_elementwise_grid_stride_kernelIfLi4EZZZN2at6native18normal_kernel_cudaERNS1_14TensorIteratorEddPNS1_9GeneratorEENKUlvE_clEvENKUlvE0_clEvEUlP24curandStatePhilox4_32_10E0_ZNS_27distribution_nullary_kernelIffLi4ESB_ZZZNS2_18normal_kernel_cudaES4_ddS6_ENKS7_clEvENKS8_clEvEUlfE_EEvS4_PNS1_13CUDAGeneratorERKT2_T3_EUlifE_EEviSt4pairImmET1_SG_",1,"flop_hp_efficiency","FLOP Efficiency(Peak Half)",0.000000%,0.000000%,0.000000%
"NVIDIA Tegra X1 (0)","_ZN83_GLOBAL__N__59_tmpxft_00000286_00000000_8_Distributions_compute_72_cpp1_ii_c3aa7ee643distribution_elementwise_grid_stride_kernelIfLi4EZZZN2at6native18normal_kernel_cudaERNS1_14TensorIteratorEddPNS1_9GeneratorEENKUlvE_clEvENKUlvE0_clEvEUlP24curandStatePhilox4_32_10E0_ZNS_27distribution_nullary_kernelIffLi4ESB_ZZZNS2_18normal_kernel_cudaES4_ddS6_ENKS7_clEvENKS8_clEvEUlfE_EEvS4_PNS1_13CUDAGeneratorERKT2_T3_EUlifE_EEviSt4pairImmET1_SG_",1,"flop_sp_efficiency","FLOP Efficiency(Peak Single)",4.453858%,4.453858%,4.453858%
"NVIDIA Tegra X1 (0)","void scalePackedTensor_kernel<float, float>(cudnnTensor4dStruct, float*, float)",1,"achieved_occupancy","Achieved Occupancy",0.448940,0.448940,0.448940
"NVIDIA Tegra X1 (0)","void scalePackedTensor_kernel<float, float>(cudnnTensor4dStruct, float*, float)",1,"ipc","Executed IPC",0.953317,0.953317,0.953317
"NVIDIA Tegra X1 (0)","void scalePackedTensor_kernel<float, float>(cudnnTensor4dStruct, float*, float)",1,"l2_read_throughput","L2 Throughput (Reads)",186.712597MB/s,186.712597MB/s,186.712473MB/s
"NVIDIA Tegra X1 (0)","void scalePackedTensor_kernel<float, float>(cudnnTensor4dStruct, float*, float)",1,"l2_write_throughput","L2 Throughput (Writes)",413.151278MB/s,413.151278MB/s,413.151155MB/s
"NVIDIA Tegra X1 (0)","void scalePackedTensor_kernel<float, float>(cudnnTensor4dStruct, float*, float)",1,"sm_efficiency","Multiprocessor Activity",33.860233%,33.860233%,33.860233%
"NVIDIA Tegra X1 (0)","void scalePackedTensor_kernel<float, float>(cudnnTensor4dStruct, float*, float)",1,"flop_count_dp","Floating Point Operations(Double Precision)",0,0,0
"NVIDIA Tegra X1 (0)","void scalePackedTensor_kernel<float, float>(cudnnTensor4dStruct, float*, float)",1,"flop_count_dp_add","Floating Point Operations(Double Precision Add)",0,0,0
"NVIDIA Tegra X1 (0)","void scalePackedTensor_kernel<float, float>(cudnnTensor4dStruct, float*, float)",1,"flop_count_dp_fma","Floating Point Operations(Double Precision FMA)",0,0,0
"NVIDIA Tegra X1 (0)","void scalePackedTensor_kernel<float, float>(cudnnTensor4dStruct, float*, float)",1,"flop_count_dp_mul","Floating Point Operations(Double Precision Mul)",0,0,0
"NVIDIA Tegra X1 (0)","void scalePackedTensor_kernel<float, float>(cudnnTensor4dStruct, float*, float)",1,"flop_count_hp","Floating Point Operations(Half Precision)",0,0,0
"NVIDIA Tegra X1 (0)","void scalePackedTensor_kernel<float, float>(cudnnTensor4dStruct, float*, float)",1,"flop_count_hp_add","Floating Point Operations(Half Precision Add)",0,0,0
"NVIDIA Tegra X1 (0)","void scalePackedTensor_kernel<float, float>(cudnnTensor4dStruct, float*, float)",1,"flop_count_hp_fma","Floating Point Operations(Half Precision FMA)",0,0,0
"NVIDIA Tegra X1 (0)","void scalePackedTensor_kernel<float, float>(cudnnTensor4dStruct, float*, float)",1,"flop_count_hp_mul","Floating Point Operation(Half Precision Mul)",0,0,0
"NVIDIA Tegra X1 (0)","void scalePackedTensor_kernel<float, float>(cudnnTensor4dStruct, float*, float)",1,"flop_count_sp","Floating Point Operations(Single Precision)",0,0,0
"NVIDIA Tegra X1 (0)","void scalePackedTensor_kernel<float, float>(cudnnTensor4dStruct, float*, float)",1,"flop_count_sp_add","Floating Point Operations(Single Precision Add)",0,0,0
"NVIDIA Tegra X1 (0)","void scalePackedTensor_kernel<float, float>(cudnnTensor4dStruct, float*, float)",1,"flop_count_sp_fma","Floating Point Operations(Single Precision FMA)",0,0,0
"NVIDIA Tegra X1 (0)","void scalePackedTensor_kernel<float, float>(cudnnTensor4dStruct, float*, float)",1,"flop_count_sp_mul","Floating Point Operation(Single Precision Mul)",0,0,0
"NVIDIA Tegra X1 (0)","void scalePackedTensor_kernel<float, float>(cudnnTensor4dStruct, float*, float)",1,"flop_count_sp_special","Floating Point Operations(Single Precision Special)",0,0,0
"NVIDIA Tegra X1 (0)","void scalePackedTensor_kernel<float, float>(cudnnTensor4dStruct, float*, float)",1,"flop_dp_efficiency","FLOP Efficiency(Peak Double)",0.000000%,0.000000%,0.000000%
"NVIDIA Tegra X1 (0)","void scalePackedTensor_kernel<float, float>(cudnnTensor4dStruct, float*, float)",1,"flop_hp_efficiency","FLOP Efficiency(Peak Half)",0.000000%,0.000000%,0.000000%
"NVIDIA Tegra X1 (0)","void scalePackedTensor_kernel<float, float>(cudnnTensor4dStruct, float*, float)",1,"flop_sp_efficiency","FLOP Efficiency(Peak Single)",0.000000%,0.000000%,0.000000%
"NVIDIA Tegra X1 (0)","void add_tensor_kernel_v3<int=2, float, float, int=128, int=1, int=1, int=4, int=2>(cudnnTensorStruct, float*, cudnnTensorStruct, float const *, float, float, int, int, int)",1,"achieved_occupancy","Achieved Occupancy",0.108374,0.108374,0.108374
"NVIDIA Tegra X1 (0)","void add_tensor_kernel_v3<int=2, float, float, int=128, int=1, int=1, int=4, int=2>(cudnnTensorStruct, float*, cudnnTensorStruct, float const *, float, float, int, int, int)",1,"ipc","Executed IPC",0.518559,0.518559,0.518559
"NVIDIA Tegra X1 (0)","void add_tensor_kernel_v3<int=2, float, float, int=128, int=1, int=1, int=4, int=2>(cudnnTensorStruct, float*, cudnnTensorStruct, float const *, float, float, int, int, int)",1,"l2_read_throughput","L2 Throughput (Reads)",412.003784MB/s,412.003784MB/s,412.003727MB/s
"NVIDIA Tegra X1 (0)","void add_tensor_kernel_v3<int=2, float, float, int=128, int=1, int=1, int=4, int=2>(cudnnTensorStruct, float*, cudnnTensorStruct, float const *, float, float, int, int, int)",1,"l2_write_throughput","L2 Throughput (Writes)",190.437304MB/s,190.437304MB/s,190.437247MB/s
"NVIDIA Tegra X1 (0)","void add_tensor_kernel_v3<int=2, float, float, int=128, int=1, int=1, int=4, int=2>(cudnnTensorStruct, float*, cudnnTensorStruct, float const *, float, float, int, int, int)",1,"sm_efficiency","Multiprocessor Activity",63.128877%,63.128877%,63.128877%
"NVIDIA Tegra X1 (0)","void add_tensor_kernel_v3<int=2, float, float, int=128, int=1, int=1, int=4, int=2>(cudnnTensorStruct, float*, cudnnTensorStruct, float const *, float, float, int, int, int)",1,"flop_count_dp","Floating Point Operations(Double Precision)",0,0,0
"NVIDIA Tegra X1 (0)","void add_tensor_kernel_v3<int=2, float, float, int=128, int=1, int=1, int=4, int=2>(cudnnTensorStruct, float*, cudnnTensorStruct, float const *, float, float, int, int, int)",1,"flop_count_dp_add","Floating Point Operations(Double Precision Add)",0,0,0
"NVIDIA Tegra X1 (0)","void add_tensor_kernel_v3<int=2, float, float, int=128, int=1, int=1, int=4, int=2>(cudnnTensorStruct, float*, cudnnTensorStruct, float const *, float, float, int, int, int)",1,"flop_count_dp_fma","Floating Point Operations(Double Precision FMA)",0,0,0
"NVIDIA Tegra X1 (0)","void add_tensor_kernel_v3<int=2, float, float, int=128, int=1, int=1, int=4, int=2>(cudnnTensorStruct, float*, cudnnTensorStruct, float const *, float, float, int, int, int)",1,"flop_count_dp_mul","Floating Point Operations(Double Precision Mul)",0,0,0
"NVIDIA Tegra X1 (0)","void add_tensor_kernel_v3<int=2, float, float, int=128, int=1, int=1, int=4, int=2>(cudnnTensorStruct, float*, cudnnTensorStruct, float const *, float, float, int, int, int)",1,"flop_count_hp","Floating Point Operations(Half Precision)",0,0,0
"NVIDIA Tegra X1 (0)","void add_tensor_kernel_v3<int=2, float, float, int=128, int=1, int=1, int=4, int=2>(cudnnTensorStruct, float*, cudnnTensorStruct, float const *, float, float, int, int, int)",1,"flop_count_hp_add","Floating Point Operations(Half Precision Add)",0,0,0
"NVIDIA Tegra X1 (0)","void add_tensor_kernel_v3<int=2, float, float, int=128, int=1, int=1, int=4, int=2>(cudnnTensorStruct, float*, cudnnTensorStruct, float const *, float, float, int, int, int)",1,"flop_count_hp_fma","Floating Point Operations(Half Precision FMA)",0,0,0
"NVIDIA Tegra X1 (0)","void add_tensor_kernel_v3<int=2, float, float, int=128, int=1, int=1, int=4, int=2>(cudnnTensorStruct, float*, cudnnTensorStruct, float const *, float, float, int, int, int)",1,"flop_count_hp_mul","Floating Point Operation(Half Precision Mul)",0,0,0
"NVIDIA Tegra X1 (0)","void add_tensor_kernel_v3<int=2, float, float, int=128, int=1, int=1, int=4, int=2>(cudnnTensorStruct, float*, cudnnTensorStruct, float const *, float, float, int, int, int)",1,"flop_count_sp","Floating Point Operations(Single Precision)",1968,1968,1968
"NVIDIA Tegra X1 (0)","void add_tensor_kernel_v3<int=2, float, float, int=128, int=1, int=1, int=4, int=2>(cudnnTensorStruct, float*, cudnnTensorStruct, float const *, float, float, int, int, int)",1,"flop_count_sp_add","Floating Point Operations(Single Precision Add)",256,256,256
"NVIDIA Tegra X1 (0)","void add_tensor_kernel_v3<int=2, float, float, int=128, int=1, int=1, int=4, int=2>(cudnnTensorStruct, float*, cudnnTensorStruct, float const *, float, float, int, int, int)",1,"flop_count_sp_fma","Floating Point Operations(Single Precision FMA)",528,528,528
"NVIDIA Tegra X1 (0)","void add_tensor_kernel_v3<int=2, float, float, int=128, int=1, int=1, int=4, int=2>(cudnnTensorStruct, float*, cudnnTensorStruct, float const *, float, float, int, int, int)",1,"flop_count_sp_mul","Floating Point Operation(Single Precision Mul)",656,656,656
"NVIDIA Tegra X1 (0)","void add_tensor_kernel_v3<int=2, float, float, int=128, int=1, int=1, int=4, int=2>(cudnnTensorStruct, float*, cudnnTensorStruct, float const *, float, float, int, int, int)",1,"flop_count_sp_special","Floating Point Operations(Single Precision Special)",768,768,768
"NVIDIA Tegra X1 (0)","void add_tensor_kernel_v3<int=2, float, float, int=128, int=1, int=1, int=4, int=2>(cudnnTensorStruct, float*, cudnnTensorStruct, float const *, float, float, int, int, int)",1,"flop_dp_efficiency","FLOP Efficiency(Peak Double)",0.000000%,0.000000%,0.000000%
"NVIDIA Tegra X1 (0)","void add_tensor_kernel_v3<int=2, float, float, int=128, int=1, int=1, int=4, int=2>(cudnnTensorStruct, float*, cudnnTensorStruct, float const *, float, float, int, int, int)",1,"flop_hp_efficiency","FLOP Efficiency(Peak Half)",0.000000%,0.000000%,0.000000%
"NVIDIA Tegra X1 (0)","void add_tensor_kernel_v3<int=2, float, float, int=128, int=1, int=1, int=4, int=2>(cudnnTensorStruct, float*, cudnnTensorStruct, float const *, float, float, int, int, int)",1,"flop_sp_efficiency","FLOP Efficiency(Peak Single)",0.176602%,0.176602%,0.176602%
"NVIDIA Tegra X1 (0)","void cudnn::detail::dgrad_engine<float, int=128, int=6, int=8, int=3, int=3, int=5, bool=1>(int, int, int, float const *, int, float const , int, cudnn::detail::dgrad_engine<float, int=128, int=6, int=8, int=3, int=3, int=5, bool=1>*, kernel_grad_params, int, int, float, int, int, int)",1,"achieved_occupancy","Achieved Occupancy",0.123886,0.123886,0.123886
"NVIDIA Tegra X1 (0)","void cudnn::detail::dgrad_engine<float, int=128, int=6, int=8, int=3, int=3, int=5, bool=1>(int, int, int, float const *, int, float const , int, cudnn::detail::dgrad_engine<float, int=128, int=6, int=8, int=3, int=3, int=5, bool=1>*, kernel_grad_params, int, int, float, int, int, int)",1,"ipc","Executed IPC",1.156072,1.156072,1.156072
"NVIDIA Tegra X1 (0)","void cudnn::detail::dgrad_engine<float, int=128, int=6, int=8, int=3, int=3, int=5, bool=1>(int, int, int, float const *, int, float const , int, cudnn::detail::dgrad_engine<float, int=128, int=6, int=8, int=3, int=3, int=5, bool=1>*, kernel_grad_params, int, int, float, int, int, int)",1,"l2_read_throughput","L2 Throughput (Reads)",1.321377GB/s,1.321377GB/s,1.321377GB/s
"NVIDIA Tegra X1 (0)","void cudnn::detail::dgrad_engine<float, int=128, int=6, int=8, int=3, int=3, int=5, bool=1>(int, int, int, float const *, int, float const , int, cudnn::detail::dgrad_engine<float, int=128, int=6, int=8, int=3, int=3, int=5, bool=1>*, kernel_grad_params, int, int, float, int, int, int)",1,"l2_write_throughput","L2 Throughput (Writes)",922.287600MB/s,922.287600MB/s,922.287593MB/s
"NVIDIA Tegra X1 (0)","void cudnn::detail::dgrad_engine<float, int=128, int=6, int=8, int=3, int=3, int=5, bool=1>(int, int, int, float const *, int, float const , int, cudnn::detail::dgrad_engine<float, int=128, int=6, int=8, int=3, int=3, int=5, bool=1>*, kernel_grad_params, int, int, float, int, int, int)",1,"sm_efficiency","Multiprocessor Activity",95.118701%,95.118701%,95.118701%
"NVIDIA Tegra X1 (0)","void cudnn::detail::dgrad_engine<float, int=128, int=6, int=8, int=3, int=3, int=5, bool=1>(int, int, int, float const *, int, float const , int, cudnn::detail::dgrad_engine<float, int=128, int=6, int=8, int=3, int=3, int=5, bool=1>*, kernel_grad_params, int, int, float, int, int, int)",1,"flop_count_dp","Floating Point Operations(Double Precision)",0,0,0
"NVIDIA Tegra X1 (0)","void cudnn::detail::dgrad_engine<float, int=128, int=6, int=8, int=3, int=3, int=5, bool=1>(int, int, int, float const *, int, float const , int, cudnn::detail::dgrad_engine<float, int=128, int=6, int=8, int=3, int=3, int=5, bool=1>*, kernel_grad_params, int, int, float, int, int, int)",1,"flop_count_dp_add","Floating Point Operations(Double Precision Add)",0,0,0
"NVIDIA Tegra X1 (0)","void cudnn::detail::dgrad_engine<float, int=128, int=6, int=8, int=3, int=3, int=5, bool=1>(int, int, int, float const *, int, float const , int, cudnn::detail::dgrad_engine<float, int=128, int=6, int=8, int=3, int=3, int=5, bool=1>*, kernel_grad_params, int, int, float, int, int, int)",1,"flop_count_dp_fma","Floating Point Operations(Double Precision FMA)",0,0,0
"NVIDIA Tegra X1 (0)","void cudnn::detail::dgrad_engine<float, int=128, int=6, int=8, int=3, int=3, int=5, bool=1>(int, int, int, float const *, int, float const , int, cudnn::detail::dgrad_engine<float, int=128, int=6, int=8, int=3, int=3, int=5, bool=1>*, kernel_grad_params, int, int, float, int, int, int)",1,"flop_count_dp_mul","Floating Point Operations(Double Precision Mul)",0,0,0
"NVIDIA Tegra X1 (0)","void cudnn::detail::dgrad_engine<float, int=128, int=6, int=8, int=3, int=3, int=5, bool=1>(int, int, int, float const *, int, float const , int, cudnn::detail::dgrad_engine<float, int=128, int=6, int=8, int=3, int=3, int=5, bool=1>*, kernel_grad_params, int, int, float, int, int, int)",1,"flop_count_hp","Floating Point Operations(Half Precision)",0,0,0
"NVIDIA Tegra X1 (0)","void cudnn::detail::dgrad_engine<float, int=128, int=6, int=8, int=3, int=3, int=5, bool=1>(int, int, int, float const *, int, float const , int, cudnn::detail::dgrad_engine<float, int=128, int=6, int=8, int=3, int=3, int=5, bool=1>*, kernel_grad_params, int, int, float, int, int, int)",1,"flop_count_hp_add","Floating Point Operations(Half Precision Add)",0,0,0
"NVIDIA Tegra X1 (0)","void cudnn::detail::dgrad_engine<float, int=128, int=6, int=8, int=3, int=3, int=5, bool=1>(int, int, int, float const *, int, float const , int, cudnn::detail::dgrad_engine<float, int=128, int=6, int=8, int=3, int=3, int=5, bool=1>*, kernel_grad_params, int, int, float, int, int, int)",1,"flop_count_hp_fma","Floating Point Operations(Half Precision FMA)",0,0,0
"NVIDIA Tegra X1 (0)","void cudnn::detail::dgrad_engine<float, int=128, int=6, int=8, int=3, int=3, int=5, bool=1>(int, int, int, float const *, int, float const , int, cudnn::detail::dgrad_engine<float, int=128, int=6, int=8, int=3, int=3, int=5, bool=1>*, kernel_grad_params, int, int, float, int, int, int)",1,"flop_count_hp_mul","Floating Point Operation(Half Precision Mul)",0,0,0
"NVIDIA Tegra X1 (0)","void cudnn::detail::dgrad_engine<float, int=128, int=6, int=8, int=3, int=3, int=5, bool=1>(int, int, int, float const *, int, float const , int, cudnn::detail::dgrad_engine<float, int=128, int=6, int=8, int=3, int=3, int=5, bool=1>*, kernel_grad_params, int, int, float, int, int, int)",1,"flop_count_sp","Floating Point Operations(Single Precision)",1053760,1053760,1053760
"NVIDIA Tegra X1 (0)","void cudnn::detail::dgrad_engine<float, int=128, int=6, int=8, int=3, int=3, int=5, bool=1>(int, int, int, float const *, int, float const , int, cudnn::detail::dgrad_engine<float, int=128, int=6, int=8, int=3, int=3, int=5, bool=1>*, kernel_grad_params, int, int, float, int, int, int)",1,"flop_count_sp_add","Floating Point Operations(Single Precision Add)",0,0,0
"NVIDIA Tegra X1 (0)","void cudnn::detail::dgrad_engine<float, int=128, int=6, int=8, int=3, int=3, int=5, bool=1>(int, int, int, float const *, int, float const , int, cudnn::detail::dgrad_engine<float, int=128, int=6, int=8, int=3, int=3, int=5, bool=1>*, kernel_grad_params, int, int, float, int, int, int)",1,"flop_count_sp_fma","Floating Point Operations(Single Precision FMA)",524288,524288,524288
"NVIDIA Tegra X1 (0)","void cudnn::detail::dgrad_engine<float, int=128, int=6, int=8, int=3, int=3, int=5, bool=1>(int, int, int, float const *, int, float const , int, cudnn::detail::dgrad_engine<float, int=128, int=6, int=8, int=3, int=3, int=5, bool=1>*, kernel_grad_params, int, int, float, int, int, int)",1,"flop_count_sp_mul","Floating Point Operation(Single Precision Mul)",5184,5184,5184
"NVIDIA Tegra X1 (0)","void cudnn::detail::dgrad_engine<float, int=128, int=6, int=8, int=3, int=3, int=5, bool=1>(int, int, int, float const *, int, float const , int, cudnn::detail::dgrad_engine<float, int=128, int=6, int=8, int=3, int=3, int=5, bool=1>*, kernel_grad_params, int, int, float, int, int, int)",1,"flop_count_sp_special","Floating Point Operations(Single Precision Special)",0,0,0
"NVIDIA Tegra X1 (0)","void cudnn::detail::dgrad_engine<float, int=128, int=6, int=8, int=3, int=3, int=5, bool=1>(int, int, int, float const *, int, float const , int, cudnn::detail::dgrad_engine<float, int=128, int=6, int=8, int=3, int=3, int=5, bool=1>*, kernel_grad_params, int, int, float, int, int, int)",1,"flop_dp_efficiency","FLOP Efficiency(Peak Double)",0.000000%,0.000000%,0.000000%
"NVIDIA Tegra X1 (0)","void cudnn::detail::dgrad_engine<float, int=128, int=6, int=8, int=3, int=3, int=5, bool=1>(int, int, int, float const *, int, float const , int, cudnn::detail::dgrad_engine<float, int=128, int=6, int=8, int=3, int=3, int=5, bool=1>*, kernel_grad_params, int, int, float, int, int, int)",1,"flop_hp_efficiency","FLOP Efficiency(Peak Half)",0.000000%,0.000000%,0.000000%
"NVIDIA Tegra X1 (0)","void cudnn::detail::dgrad_engine<float, int=128, int=6, int=8, int=3, int=3, int=5, bool=1>(int, int, int, float const *, int, float const , int, cudnn::detail::dgrad_engine<float, int=128, int=6, int=8, int=3, int=3, int=5, bool=1>*, kernel_grad_params, int, int, float, int, int, int)",1,"flop_sp_efficiency","FLOP Efficiency(Peak Single)",12.757237%,12.757237%,12.757237%
